{
  "area": 1772.803433,
  "vertices": [
    [38.906839, -2.179610],
    [50.204287, 10.348693],
    [48.907793, 28.523983],
    [41.879382, 42.983676],
    [27.534462, 33.137700],
    [20.586963, 49.980383],
    [3.539377, 44.051380],
    [-1.742545, 26.042496],
    [16.225527, 17.951594],
    [3.918932, 5.438585],
    [21.102729, 0.013277]
  ]
}
