{
  "area": 1325.739995,
  "vertices": [
    [37.499735, 0.620902],
    [47.350176, 6.783202],
    [42.145030, 18.011702],
    [45.262821, 29.142485],
    [44.256198, 40.994789],
    [33.813771, 36.488503],
    [26.144738, 33.027852],
    [23.233584, 44.879468],
    [13.289822, 43.320932],
    [4.616702, 37.562510],
    [0.229580, 26.225819],
    [12.378712, 24.519136],
    [14.765235, 15.258335],
    [5.696260, 6.921243],
    [16.040663, 2.781333],
    [26.699921, 5.063650]
  ]
}
