{
  "area": 1843.619009,
  "vertices": [
    [19.408625, 51.895148],
    [-3.869426, 29.730012],
    [16.314113, 17.358249],
    [3.120813, 2.221404],
    [48.887097, -0.424912],
    [45.806928, 17.334337],
    [49.862526, 37.853840]
  ]
}
