{
  "area": 1465.045798,
  "vertices": [
    [33.252898, 43.440942],
    [27.589488, 40.094029],
    [20.554574, 40.073223],
    [13.471847, 44.216239],
    [-2.000080, 30.707693],
    [17.957327, 5.815599],
    [44.759633, 2.625628],
    [49.590243, 34.322554]
  ]
}
