{
  "area": 1220.410172,
  "vertices": [
    [5.356158, 39.124426],
    [-0.213727, 29.071214],
    [18.713217, 6.637252],
    [43.322925, 4.507883],
    [44.431590, 4.516062],
    [43.350536, 39.147957]
  ]
}
