{
  "area": 1463.020695,
  "vertices": [
    [25.484669, 4.150336],
    [36.451327, 4.189052],
    [47.771368, 6.303826],
    [47.839918, 18.488910],
    [47.833151, 30.674152],
    [42.751721, 39.609558],
    [32.365385, 41.831997],
    [22.620500, 38.839694],
    [12.073119, 42.779974],
    [2.349199, 36.823895],
    [0.151472, 26.116233],
    [6.867424, 16.684231],
    [15.052481, 8.458314]
  ]
}
