{
  "area": 1349.460309,
  "vertices": [
    [3.243572, -0.557596],
    [21.592507, 13.131936],
    [43.175121, 22.360229],
    [44.322030, 44.729266],
    [20.923735, 46.650427],
    [7.642586, 46.368829],
    [2.982034, 33.184778],
    [2.034437, 14.566469]
  ]
}
