{
  "area": 1787.599150,
  "vertices": [
    [16.289265, 49.721770],
    [-1.166176, 33.840569],
    [4.653433, 7.726427],
    [2.629097, 4.681513],
    [8.740412, -1.973060],
    [26.496012, 5.254413],
    [27.881903, 6.616124],
    [46.216879, 11.867088],
    [45.506672, 43.516749]
  ]
}
