{
  "area": 1773.551622,
  "vertices": [
    [-0.659115, 34.606518],
    [4.023960, 9.801777],
    [6.351092, -1.896933],
    [10.712541, -1.918916],
    [28.217042, 6.434333],
    [45.822671, 11.555060],
    [45.494711, 43.005930],
    [16.305577, 49.666298]
  ]
}
