{
  "area": 1483.177486,
  "vertices": [
    [41.810524, 44.285553],
    [4.805770, 43.281918],
    [3.597811, 41.101604],
    [3.576882, 13.034555],
    [5.794399, 9.932220],
    [8.301288, 0.085888],
    [26.212792, 7.033783],
    [27.291111, 7.672683],
    [46.664787, 15.429167]
  ]
}
