{
  "area": 1268.586572,
  "vertices": [
    [39.931477, 46.285838],
    [4.767215, 42.989708],
    [4.684854, 22.092154],
    [22.350485, 0.147101],
    [39.977040, 12.180276]
  ]
}
