{
  "area": 1498.674767,
  "vertices": [
    [44.296934, 17.348768],
    [43.455621, 45.832790],
    [4.213426, 45.461776],
    [2.639454, 22.357389],
    [22.988618, -1.907860]
  ]
}
