{
  "area": 1459.970120,
  "vertices": [
    [40.897030, 48.028000],
    [4.097946, 44.990880],
    [3.917698, 19.480620],
    [23.835010, -1.642440],
    [41.086738, 11.537194]
  ]
}
