{
  "area": 866.285393,
  "vertices": [
    [6.766451, 34.503662],
    [6.758498, 33.409206],
    [7.834577, 32.321482],
    [7.826695, 31.224448],
    [8.902199, 30.133606],
    [7.812768, 29.026955],
    [7.807040, 27.926637],
    [6.721610, 26.821514],
    [6.718449, 25.720748],
    [5.636338, 24.618190],
    [4.556263, 24.616973],
    [3.476198, 24.615873],
    [4.582552, 14.734042],
    [5.672113, 13.632142],
    [5.679397, 12.537614],
    [6.763587, 12.529907],
    [43.042987, 11.417123],
    [45.219952, 34.504964]
  ]
}
