{
  "area": 1669.685765,
  "vertices": [
    [19.407949, 0.038229],
    [37.794404, 4.113751],
    [47.962460, 19.406382],
    [43.884053, 37.791076],
    [28.591621, 47.957892],
    [10.212841, 43.869005],
    [0.036540, 28.591850],
    [4.111015, 10.205108]
  ]
}
