{
  "area": 814.366439,
  "vertices": [
    [21.446090, 2.154177],
    [33.686674, 4.203938],
    [39.839446, 15.414699],
    [36.792415, 27.692337],
    [24.509888, 32.849860],
    [18.420514, 43.840855],
    [7.301437, 43.788223],
    [14.320662, 35.800563],
    [11.167394, 23.608965],
    [10.196835, 11.325097]
  ]
}
