{
  "area": 1428.111433,
  "vertices": [
    [18.411594, 2.161349],
    [31.619226, 3.170933],
    [43.808250, 13.334223],
    [45.845246, 27.557494],
    [37.712333, 41.778235],
    [23.490333, 45.849866],
    [9.268609, 40.762599],
    [2.152442, 26.541271],
    [5.201862, 12.316659]
  ]
}
