{
  "area": 959.620679,
  "vertices": [
    [22.438605, 0.012377],
    [35.555148, 2.870611],
    [41.969544, 15.117560],
    [37.074597, 28.580327],
    [23.993677, 34.447575],
    [17.724326, 46.682781],
    [6.159111, 45.260660],
    [14.233863, 35.564736],
    [10.058701, 22.621967],
    [11.119966, 8.404634]
  ]
}
