{
  "area": 951.423452,
  "vertices": [
    [22.438605, 0.012377],
    [35.555148, 2.870611],
    [41.971179, 15.514215],
    [37.633789, 28.017605],
    [24.277325, 34.170300],
    [17.724326, 46.682781],
    [6.159111, 45.260660],
    [14.230589, 35.168091],
    [10.614060, 23.188472],
    [11.116014, 8.801273]
  ]
}
