{
  "area": 1139.281166,
  "vertices": [
    [24.510333, 2.150153],
    [32.405006, 5.948696],
    [35.742557, 14.612561],
    [42.553418, 20.103679],
    [44.651955, 27.708671],
    [40.817204, 35.008514],
    [37.290869, 42.765246],
    [29.408771, 40.051394],
    [21.329039, 44.846680],
    [11.701658, 45.794157],
    [3.308658, 41.797123],
    [4.171245, 34.216757],
    [4.663342, 27.012449],
    [8.542221, 18.984841],
    [17.413805, 18.098617],
    [19.418432, 8.881494]
  ]
}
