{
  "area": 1349.365903,
  "vertices": [
    [24.514468, -0.188651],
    [33.757221, 3.961118],
    [36.901689, 13.659659],
    [44.533488, 19.737888],
    [46.842980, 28.535537],
    [42.038873, 35.951452],
    [38.397931, 43.971226],
    [29.854036, 41.854970],
    [20.829196, 46.662545],
    [10.430815, 48.050354],
    [1.379924, 43.345195],
    [2.914197, 35.406280],
    [4.186019, 27.796282],
    [6.722947, 19.506333],
    [16.738349, 17.089017],
    [19.364687, 7.458378]
  ]
}
