{
  "area": 1378.197410,
  "vertices": [
    [5.905671, 48.181274],
    [1.004379, 45.493182],
    [6.845929, 18.137434],
    [16.062824, 16.135797],
    [24.568554, -2.762986],
    [39.206646, 13.938951],
    [48.992086, 28.656311],
    [43.881842, 30.805287],
    [43.707825, 40.773909]
  ]
}
