{
  "area": 1428.049103,
  "vertices": [
    [18.413145, 2.160948],
    [33.653479, 4.185446],
    [45.839194, 18.413701],
    [44.817382, 33.647542],
    [29.586629, 45.839110],
    [14.346900, 43.814739],
    [2.161032, 29.587183],
    [3.182265, 14.353220]
  ]
}
