{
  "area": 1668.562413,
  "vertices": [
    [18.403015, 0.100945],
    [37.160646, 3.152798],
    [47.900698, 18.399553],
    [44.539059, 37.029085],
    [29.304123, 47.184183],
    [11.255966, 43.844747],
    [0.099960, 29.596374],
    [3.466086, 10.968944]
  ]
}
