{
  "area": 1428.049121,
  "vertices": [
    [18.413221, 2.160929],
    [33.653352, 4.185384],
    [45.839118, 18.413405],
    [44.817500, 33.647288],
    [29.586704, 45.839091],
    [14.346774, 43.814677],
    [2.160957, 29.586889],
    [3.182383, 14.352965]
  ]
}
