{
  "area": 1490.074977,
  "vertices": [
    [48.598083, 31.070807],
    [42.703862, 43.456565],
    [3.675187, 43.786807],
    [-1.272012, 19.484975],
    [22.162045, 11.325184],
    [33.132940, -5.659955]
  ]
}
