{
  "area": 1667.861674,
  "vertices": [
    [20.450643, 0.153498],
    [38.442156, 4.951920],
    [47.845909, 20.453542],
    [43.752686, 38.736521],
    [27.546920, 47.845856],
    [9.263437, 43.753193],
    [0.153540, 27.549784],
    [4.243336, 9.266312]
  ]
}
