{
  "area": 1447.571074,
  "vertices": [
    [18.384956, 2.051802],
    [34.718959, 4.092686],
    [45.948173, 18.385285],
    [43.907039, 34.719412],
    [29.614307, 45.948355],
    [13.280430, 43.907098],
    [2.051621, 29.614636],
    [4.092628, 13.280883]
  ]
}
