{
  "area": 1662.894166,
  "vertices": [
    [20.382277, -0.326455],
    [39.934747, 5.765457],
    [48.329083, 25.467893],
    [37.852050, 44.304289],
    [17.694395, 47.704566],
    [0.833297, 33.935763],
    [2.178343, 11.673954]
  ]
}
