{
  "area": 1427.431164,
  "vertices": [
    [10.296707, 4.215093],
    [19.996229, 5.585520],
    [30.948903, 5.172846],
    [41.678647, 6.183762],
    [43.826815, 15.855878],
    [45.845402, 26.980963],
    [42.801242, 37.689110],
    [33.738048, 41.809327],
    [22.205576, 42.848401],
    [11.091003, 40.780646],
    [3.186220, 33.730289],
    [2.150639, 22.197314],
    [3.196514, 11.481842]
  ]
}
