{
  "area": 1709.842791,
  "vertices": [
    [20.014263, 47.262632],
    [-0.317408, 34.293947],
    [4.030642, 2.961337],
    [17.394241, 3.942653],
    [31.197507, 3.943956],
    [44.380800, 3.393268],
    [47.513745, 38.260536]
  ]
}
