{
  "area": 1708.461590,
  "vertices": [
    [45.127613, 3.948248],
    [45.997895, 39.961376],
    [17.669844, 46.292547],
    [-0.432380, 34.342150],
    [3.609593, 3.187061]
  ]
}
