{
  "area": 1356.393392,
  "vertices": [
    [25.713714, 2.642307],
    [26.268208, 3.762530],
    [26.839242, 4.876133],
    [27.416455, 5.986975],
    [28.547973, 6.530541],
    [43.810530, 12.201411],
    [43.597905, 37.870895],
    [43.587780, 39.223295],
    [43.273604, 40.448647],
    [42.318405, 41.406082],
    [4.286664, 42.153957],
    [8.194673, 28.509830],
    [8.466161, 27.543017],
    [0.062951, 7.959210]
  ]
}
