{
  "area": 996.165734,
  "vertices": [
    [44.580215, 38.836972],
    [33.173231, 38.225792],
    [3.501996, 38.141600],
    [4.593472, 6.557223],
    [10.726645, 11.627893],
    [21.306495, 14.675180],
    [43.951056, 15.351507]
  ]
}
