{
  "area": 1233.515895,
  "vertices": [
    [45.402061, 42.617636],
    [36.036331, 40.051591],
    [0.796192, 39.435759],
    [0.811529, 4.727423],
    [21.486686, 15.115022],
    [47.493424, 16.453209]
  ]
}
