{
  "area": 1209.397126,
  "vertices": [
    [4.264958, 6.240663],
    [10.038128, 12.003321],
    [18.883239, 14.654882],
    [27.827372, 15.181729],
    [37.785222, 15.291480],
    [46.577239, 18.131214],
    [47.849681, 27.572011],
    [47.820667, 37.530420],
    [40.245121, 41.728874],
    [31.529880, 38.783427],
    [21.571721, 38.848569],
    [12.287004, 40.035009],
    [3.918737, 40.711411],
    [0.164863, 33.278065],
    [0.153530, 23.319630],
    [0.198065, 13.361277]
  ]
}
