{
  "area": 1184.228365,
  "vertices": [
    [26.547861, 3.153288],
    [34.623302, 5.145953],
    [36.765368, 13.161589],
    [41.523011, 20.099957],
    [45.784072, 26.597592],
    [39.959629, 32.508654],
    [39.754966, 39.671475],
    [33.034839, 42.179260],
    [26.535019, 43.846050],
    [19.419300, 41.838928],
    [12.772873, 43.805289],
    [11.766142, 37.260334],
    [4.795204, 32.639328],
    [2.150278, 25.194760],
    [5.052284, 17.496894],
    [5.075980, 11.436447],
    [12.234363, 13.270707],
    [19.140071, 8.429060]
  ]
}
