{
  "area": 1774.993885,
  "vertices": [
    [28.308295, -3.237418],
    [40.445935, 8.915841],
    [52.246779, 23.339576],
    [42.859062, 37.791057],
    [34.765171, 47.132962],
    [19.385754, 44.428017],
    [9.903592, 42.967404],
    [-4.298026, 30.575357],
    [-2.002997, 13.565625],
    [12.195693, 9.937344]
  ]
}
