{
  "area": 1487.112637,
  "vertices": [
    [27.775806, -0.116500],
    [37.406743, 5.204952],
    [40.243185, 14.381166],
    [47.357242, 22.662593],
    [44.774598, 30.060128],
    [39.447168, 38.324876],
    [36.711464, 44.869070],
    [27.407573, 46.663902],
    [19.865486, 42.141512],
    [11.116235, 45.932295],
    [9.504312, 37.419966],
    [0.245765, 31.264079],
    [-0.233860, 20.386211],
    [0.400670, 11.676335],
    [10.163809, 13.057760],
    [18.430413, 5.910176]
  ]
}
