{
  "area": 1435.387379,
  "vertices": [
    [15.819621, 0.030654],
    [31.339326, 6.183758],
    [40.500439, 19.940573],
    [53.265433, 34.192649],
    [39.687157, 46.284899],
    [21.158240, 36.080602],
    [4.023731, 45.003973],
    [-5.393371, 29.500645],
    [10.052299, 16.803807]
  ]
}
