{
  "area": 1107.156687,
  "vertices": [
    [17.311471, 4.886370],
    [24.507967, 9.351417],
    [34.569749, 10.754416],
    [34.668896, 18.942730],
    [44.620537, 23.379960],
    [48.138337, 32.134198],
    [42.760835, 41.125159],
    [33.551771, 41.714262],
    [24.525009, 34.951006],
    [18.153669, 39.968424],
    [8.038091, 41.910587],
    [0.468697, 36.321236],
    [1.758582, 25.561203],
    [9.863905, 21.284752],
    [11.108342, 12.328010]
  ]
}
