{
  "area": 956.985018,
  "vertices": [
    [16.381762, 7.170576],
    [24.222813, 8.150149],
    [29.837451, 11.170133],
    [34.732157, 15.763973],
    [36.997000, 21.341076],
    [43.927084, 24.522048],
    [45.840744, 33.163492],
    [42.159909, 39.321566],
    [33.309302, 40.781309],
    [26.956460, 36.160285],
    [20.306067, 36.888308],
    [13.657761, 40.773174],
    [5.077831, 38.672539],
    [2.156169, 32.131492],
    [4.796290, 23.786103],
    [12.033800, 21.327472],
    [12.279515, 13.734259]
  ]
}
