{
  "area": 1231.604102,
  "vertices": [
    [12.490730, 41.333630],
    [12.453675, 39.898155],
    [0.550857, 13.660665],
    [15.310504, 4.964164],
    [39.216175, 11.500626],
    [40.662175, 11.514381],
    [41.747948, 12.381695],
    [43.085023, 12.651881],
    [45.154711, 41.182740]
  ]
}
