{
  "area": 2142.972164,
  "vertices": [
    [46.152453, 47.857116],
    [3.515928, 48.059144],
    [2.147960, 47.739896],
    [1.817729, 0.182707],
    [48.247777, 1.671326],
    [48.880995, 2.908254]
  ]
}
