{
  "area": 1812.867765,
  "vertices": [
    [4.994286, 0.650123],
    [47.349877, 4.994286],
    [43.005714, 47.349877],
    [0.650123, 43.005714]
  ]
}
