{
  "area": 2066.342484,
  "vertices": [
    [46.601364, 47.117438],
    [2.571333, 47.280140],
    [1.379265, 0.902740],
    [47.098682, 1.398436]
  ]
}
