{
  "area": 1338.988422,
  "vertices": [
    [20.380499, -0.722438],
    [27.674034, 9.976197],
    [35.087243, 23.222407],
    [45.434635, 30.935572],
    [48.474424, 45.380808],
    [34.289583, 48.228422],
    [19.333397, 48.276058],
    [3.017805, 48.150732],
    [0.496537, 35.655190],
    [8.037726, 25.179450],
    [14.728978, 12.039960]
  ]
}
