{
  "area": 1096.691429,
  "vertices": [
    [20.463651, 2.151893],
    [24.974396, 7.603070],
    [29.626937, 15.391623],
    [33.009138, 22.515311],
    [40.118547, 27.423153],
    [43.847853, 33.400715],
    [45.816380, 41.722187],
    [40.664791, 45.726403],
    [30.932134, 45.812025],
    [22.415851, 45.849018],
    [12.683076, 45.781425],
    [4.182783, 45.672819],
    [2.163869, 37.339700],
    [4.150491, 30.234812],
    [10.626374, 24.906225],
    [13.820131, 17.691854],
    [17.208292, 9.358510]
  ]
}
