{
  "area": 1309.027955,
  "vertices": [
    [50.558409, 41.585827],
    [50.539540, 45.511521],
    [-2.437259, 46.178586],
    [8.372401, 23.793432],
    [12.144285, 15.520558],
    [15.584882, 7.127529],
    [18.395883, -2.833266]
  ]
}
