{
  "area": 1659.145733,
  "vertices": [
    [42.265271, 46.944121],
    [6.096379, 47.178650],
    [6.493708, 0.317771],
    [8.044944, -0.210949],
    [9.812168, -0.220812],
    [11.579394, -0.230321],
    [41.197936, 0.823323]
  ]
}
