{
  "area": 1444.794248,
  "vertices": [
    [38.719832, 47.373314],
    [5.006250, 43.081708],
    [8.280168, 0.626686],
    [39.176804, 0.629519]
  ]
}
