{
  "area": 1676.506943,
  "vertices": [
    [41.784659, 47.574495],
    [6.245897, 47.580206],
    [6.519054, -0.406463],
    [7.778572, -0.627113],
    [9.126785, -0.634660],
    [41.128058, 0.240552]
  ]
}
