{
  "area": 1346.061553,
  "vertices": [
    [46.140624, 43.504277],
    [14.415753, 43.971705],
    [13.441525, 44.418911],
    [13.094659, 45.638015],
    [11.943613, 45.894685],
    [8.241459, 46.845400],
    [6.875076, 46.836381],
    [5.508695, 46.827111],
    [4.142315, 46.817737],
    [3.321239, 1.163314],
    [29.148712, 4.947806],
    [29.157550, 6.314190],
    [29.167338, 7.680567],
    [29.178083, 9.046937],
    [29.189880, 10.413299]
  ]
}
