{
  "area": 1460.263415,
  "vertices": [
    [16.607497, 44.874880],
    [15.646849, 44.146902],
    [4.845183, 39.774320],
    [2.979244, 8.265487],
    [17.088784, 2.745634],
    [40.483267, 6.168948],
    [42.676663, 6.961978],
    [43.810047, 7.270608],
    [43.129505, 38.695129]
  ]
}
