{
  "area": 1369.732801,
  "vertices": [
    [3.733306, 45.273083],
    [6.314367, 30.797456],
    [6.935525, 29.723170],
    [7.986828, 24.838853],
    [5.684708, 7.439160],
    [20.981326, 2.563152],
    [42.166732, 5.025887],
    [43.762644, 38.143939]
  ]
}
