{
  "area": 541.118977,
  "vertices": [
    [37.658706, 2.188051],
    [41.714421, 6.223371],
    [38.746681, 14.251708],
    [33.787243, 22.300021],
    [28.835754, 30.598839],
    [28.653569, 38.814510],
    [22.469321, 45.848653],
    [14.324966, 45.803089],
    [6.237231, 44.731198],
    [8.192086, 37.666401],
    [15.154350, 30.555011],
    [22.396736, 24.165580],
    [27.594814, 16.163087],
    [31.620317, 8.171330]
  ]
}
