{
  "area": 1417.403554,
  "vertices": [
    [4.658451, 3.574703],
    [47.848591, 7.159240],
    [46.033366, 14.300432],
    [45.705645, 15.480625],
    [44.631204, 20.301211],
    [43.687168, 27.815508],
    [43.527742, 29.068964],
    [43.520723, 30.385631],
    [43.512791, 31.702293],
    [42.615499, 36.610427],
    [42.370633, 37.829275],
    [42.360397, 39.145921],
    [42.350365, 40.462569],
    [6.843199, 40.767574],
    [6.326699, 39.662748],
    [5.258152, 39.060409],
    [4.143686, 38.568597]
  ]
}
