{
  "area": 1663.334469,
  "vertices": [
    [5.246933, 4.258221],
    [15.544400, 4.183647],
    [25.842054, 4.151717],
    [36.139619, 4.208766],
    [46.016407, 5.285568],
    [47.832229, 14.406892],
    [47.848134, 24.704603],
    [47.808336, 35.002257],
    [40.863552, 40.759299],
    [31.812184, 41.825565],
    [22.739349, 38.848698],
    [14.075969, 42.814520],
    [5.391202, 38.885204],
    [0.175336, 31.900080],
    [0.150168, 21.602385],
    [0.181851, 11.304705]
  ]
}
