{
  "area": 1305.097631,
  "vertices": [
    [4.666786, 38.472106],
    [0.679296, 7.647006],
    [47.325230, 8.226605],
    [42.924843, 38.882499]
  ]
}
