{
  "area": 1668.041288,
  "vertices": [
    [4.128292, 40.006643],
    [1.225917, 38.164264],
    [0.759089, 4.138728],
    [49.396745, 6.547584],
    [45.524959, 38.755819],
    [40.610089, 43.090696]
  ]
}
