{
  "area": 756.047489,
  "vertices": [
    [16.607973, 39.309702],
    [-0.258074, 25.664343],
    [4.181561, 23.405395],
    [5.296367, 21.138311],
    [31.375108, 8.639688],
    [48.248204, 24.536376]
  ]
}
