{
  "area": 2077.503679,
  "vertices": [
    [4.389715, -0.908376],
    [16.014220, 1.789930],
    [26.757300, 0.062673],
    [34.741816, 3.666144],
    [47.982268, 0.326698],
    [48.958583, 15.594902],
    [46.958760, 28.867710],
    [46.874017, 44.582435],
    [33.329069, 48.205832],
    [23.061704, 40.985781],
    [11.308867, 48.938014],
    [-0.729057, 41.682318],
    [1.939421, 27.497897],
    [-0.956319, 13.056516]
  ]
}
