{
  "area": 1658.554680,
  "vertices": [
    [3.720010, 44.413638],
    [3.859527, 1.303658],
    [32.918614, 4.917999],
    [43.419431, 0.964847],
    [44.888256, 43.805266]
  ]
}
