{
  "area": 2060.290913,
  "vertices": [
    [46.244323, -0.807686],
    [45.437606, 46.432422],
    [1.592452, 45.473488],
    [-1.137603, 2.424715]
  ]
}
