{
  "area": 1357.990436,
  "vertices": [
    [1.747298, 46.132660],
    [4.229752, 14.483900],
    [25.783138, 1.727067],
    [28.761789, 3.674863],
    [37.858740, 6.077618],
    [41.634375, 6.106275],
    [46.287805, 33.602693]
  ]
}
