{
  "area": 1504.322125,
  "vertices": [
    [-0.475364, 39.996020],
    [0.986913, 8.102139],
    [47.315910, 7.898601],
    [49.700343, 38.339226]
  ]
}
