{
  "area": 1215.585878,
  "vertices": [
    [0.834881, 37.583284],
    [3.169493, 9.259327],
    [42.907181, 8.368676],
    [47.168480, 36.492414]
  ]
}
