{
  "area": 1291.829790,
  "vertices": [
    [4.045500, 4.231531],
    [19.907138, 4.163146],
    [21.067252, 10.711800],
    [42.068135, 11.629047],
    [46.869473, 44.611254],
    [13.144341, 43.443300],
    [12.719462, 32.082285],
    [3.519268, 17.045720],
    [1.171230, 15.798264]
  ]
}
