{
  "area": 1477.776159,
  "vertices": [
    [1.933825, 7.974922],
    [44.870157, 7.117588],
    [49.536814, 35.589020],
    [49.529955, 36.915263],
    [49.522805, 38.241505],
    [0.633692, 40.820520]
  ]
}
