{
  "area": 643.087173,
  "vertices": [
    [35.050255, 29.861078],
    [33.888090, 33.324617],
    [33.759172, 43.513996],
    [13.227879, 43.512990],
    [15.441633, 16.046142],
    [16.596615, 14.904500],
    [24.626896, -0.790980]
  ]
}
