{
  "area": 1197.748057,
  "vertices": [
    [15.288947, 1.957087],
    [26.197138, 6.986740],
    [38.389845, 14.672349],
    [43.707185, 27.257899],
    [43.975536, 39.617518],
    [33.427345, 46.040829],
    [22.520203, 41.019060],
    [10.115152, 33.838606],
    [4.117987, 21.433587],
    [4.027699, 8.509318]
  ]
}
