{
  "area": 1177.659636,
  "vertices": [
    [40.372656, 34.142083],
    [1.436188, 45.371928],
    [14.752757, 7.835845],
    [22.682486, 5.424809],
    [23.727697, 3.319083],
    [46.434026, 4.723270],
    [47.232291, 5.665812]
  ]
}
