{
  "area": 1816.339403,
  "vertices": [
    [24.509050, -0.142324],
    [40.183219, 9.023776],
    [46.760649, 25.084529],
    [48.019804, 46.814289],
    [25.644538, 48.033377],
    [2.779271, 47.913073],
    [-0.087996, 27.239447],
    [8.629285, 8.521615]
  ]
}
