{
  "area": 1396.510686,
  "vertices": [
    [24.506603, 2.150062],
    [29.860068, 9.423934],
    [38.792678, 10.300847],
    [39.781416, 17.158415],
    [44.004487, 25.441584],
    [44.836838, 34.700635],
    [44.692455, 44.713175],
    [35.016086, 45.793572],
    [24.918542, 45.849346],
    [14.820943, 45.807839],
    [4.875185, 45.368685],
    [3.171786, 36.537690],
    [3.152277, 26.440011],
    [7.722589, 18.796125],
    [10.189368, 10.218975],
    [18.406960, 8.521242]
  ]
}
