{
  "area": 1760.869316,
  "vertices": [
    [24.511109, -0.288503],
    [30.873630, 7.847892],
    [40.262874, 8.922974],
    [41.024540, 15.969011],
    [46.872865, 25.063235],
    [48.195701, 35.411288],
    [48.138253, 46.900568],
    [37.141457, 48.062930],
    [25.652219, 48.125691],
    [14.162900, 48.085463],
    [2.673757, 48.004792],
    [-0.185485, 38.718209],
    [-0.207704, 27.228821],
    [5.928844, 18.847571],
    [8.552732, 8.418326],
    [17.903065, 7.247027]
  ]
}
