{
  "area": 1756.402421,
  "vertices": [
    [45.974931, 45.184781],
    [2.351133, 45.506750],
    [2.717816, -0.860784],
    [16.679268, 6.825689],
    [18.571314, 7.615150],
    [31.828161, 7.502549],
    [45.446651, -0.701562]
  ]
}
