{
  "area": 1723.842447,
  "vertices": [
    [6.840690, 1.556325],
    [16.114811, 7.647090],
    [27.049040, 9.717784],
    [36.518205, 4.097533],
    [45.318253, 4.728750],
    [45.392383, 16.517566],
    [48.425718, 26.517334],
    [47.179906, 35.623265],
    [43.463174, 43.004314],
    [33.043798, 46.361924],
    [21.254820, 46.389992],
    [9.894999, 45.296060],
    [0.269452, 40.051046],
    [1.244090, 31.415622],
    [2.582847, 22.212334],
    [2.646805, 10.423466]
  ]
}
