{
  "area": 1358.803695,
  "vertices": [
    [45.023678, 41.515665],
    [2.991262, 41.525386],
    [5.560389, 2.518905],
    [16.926472, 8.785638],
    [31.065355, 8.786025],
    [41.109249, 2.290046]
  ]
}
