{
  "area": 1283.311737,
  "vertices": [
    [14.964632, -0.893939],
    [27.059869, -0.915185],
    [37.994315, 1.935187],
    [35.446051, 12.653510],
    [39.454756, 22.386826],
    [40.555130, 33.155301],
    [41.510786, 44.812706],
    [34.646562, 46.418768],
    [27.740899, 40.573437],
    [20.815367, 34.844132],
    [17.156489, 44.767305],
    [8.925567, 48.999036],
    [6.445482, 38.693871],
    [6.362568, 27.468568],
    [12.388351, 18.446983],
    [9.603590, 7.761273]
  ]
}
