{
  "area": 1058.704728,
  "vertices": [
    [15.193503, 1.760984],
    [24.511609, 1.733860],
    [34.778516, 2.696152],
    [37.008368, 10.514330],
    [35.159729, 19.432340],
    [40.157997, 26.714756],
    [39.051994, 36.939113],
    [39.404198, 45.224233],
    [31.462620, 42.203455],
    [26.618202, 36.557507],
    [21.366404, 38.165820],
    [15.294543, 43.112937],
    [7.975464, 44.217417],
    [8.934337, 35.321429],
    [8.195581, 25.242856],
    [13.555330, 18.700716],
    [11.002465, 9.491825]
  ]
}
