{
  "area": 1406.969590,
  "vertices": [
    [13.648700, -4.320239],
    [36.401259, -3.485552],
    [37.359241, 17.895782],
    [42.914455, 39.300022],
    [36.196018, 49.880475],
    [22.441081, 36.088719],
    [10.856104, 51.654364],
    [5.063815, 36.908356],
    [11.029607, 15.653943]
  ]
}
