{
  "area": 1327.415557,
  "vertices": [
    [42.330497, 39.829817],
    [2.674941, 44.753115],
    [3.710441, 37.515549],
    [2.574731, 22.601098],
    [20.280899, 2.388409],
    [41.961869, 7.868814]
  ]
}
