{
  "area": 1582.967301,
  "vertices": [
    [45.985272, 47.263956],
    [6.250292, 45.199394],
    [5.775738, 42.583208],
    [3.464118, 33.801078],
    [1.493329, 31.803456],
    [15.321607, 0.945799],
    [38.567485, 1.711597],
    [38.902018, 2.977766],
    [39.672186, 5.468337]
  ]
}
