{
  "area": 1584.869233,
  "vertices": [
    [47.487933, 46.135950],
    [6.032926, 45.420293],
    [2.171500, 21.302479],
    [5.151254, 19.373778],
    [18.828641, -0.915085],
    [22.198663, 0.091664],
    [24.063151, 0.158667],
    [35.976250, -0.895852]
  ]
}
