{
  "area": 1325.514043,
  "vertices": [
    [45.106860, 46.188268],
    [8.149541, 43.062603],
    [2.924308, 23.959211],
    [6.966962, 20.939302],
    [7.897123, 19.993474],
    [19.551586, 1.376778],
    [24.416934, 2.445946],
    [35.134125, 1.139274]
  ]
}
