{
  "area": 1421.939957,
  "vertices": [
    [19.416869, 2.102817],
    [34.692600, 4.142315],
    [45.897183, 19.416869],
    [43.857685, 34.692600],
    [28.583131, 45.897183],
    [13.307400, 43.857685],
    [2.102817, 28.583131],
    [4.142315, 13.307400]
  ]
}
