{
  "area": 971.764310,
  "vertices": [
    [2.063200, 36.736268],
    [2.056539, 35.619966],
    [-0.183395, 24.423136],
    [21.049155, 10.831672],
    [43.506697, 10.970246],
    [43.527104, 36.766100]
  ]
}
