{
  "area": 1171.987229,
  "vertices": [
    [29.628239, 7.025498],
    [44.362260, 13.648718],
    [47.294313, 29.308098],
    [36.006777, 39.883736],
    [18.975015, 40.944486],
    [3.167036, 36.886423],
    [1.159052, 21.229557],
    [14.233454, 12.098604]
  ]
}
