{
  "area": 1185.919116,
  "vertices": [
    [29.628239, 7.025498],
    [44.957905, 14.248818],
    [47.010244, 29.596321],
    [34.765958, 40.909039],
    [19.347197, 40.947084],
    [4.046501, 37.772559],
    [-0.031411, 22.436703],
    [14.205228, 12.126648]
  ]
}
