{
  "area": 1658.122764,
  "vertices": [
    [1.586969, 44.533522],
    [3.575989, 31.755381],
    [3.657052, 4.509680],
    [44.340627, 4.142670],
    [44.425881, 31.388368],
    [46.415228, 44.166511]
  ]
}
