{
  "area": 1995.712658,
  "vertices": [
    [46.718955, 48.681729],
    [-0.783095, 45.198422],
    [2.273358, 30.538339],
    [2.368453, 2.635925],
    [43.405112, -0.813056]
  ]
}
