{
  "area": 2026.528509,
  "vertices": [
    [6.204563, 0.095664],
    [17.732582, 0.039210],
    [30.701735, 0.040091],
    [42.229753, 0.097147],
    [44.897192, 11.064987],
    [44.952226, 22.593004],
    [46.933411, 34.739234],
    [47.879232, 45.853828],
    [36.321919, 47.926239],
    [24.793840, 47.966198],
    [11.824742, 47.926129],
    [0.839761, 46.559512],
    [2.072668, 34.715661],
    [3.045747, 23.598715],
    [3.104085, 10.629684]
  ]
}
