{
  "area": 1726.870305,
  "vertices": [
    [18.389498, 0.041304],
    [37.415262, 3.102108],
    [47.959264, 18.242769],
    [45.244845, 37.411203],
    [29.817123, 47.751670],
    [10.985738, 44.637248],
    [0.039356, 29.463978],
    [2.962845, 10.381788]
  ]
}
