{
  "area": 1476.879574,
  "vertices": [
    [18.413258, 2.160919],
    [32.634055, 3.176690],
    [44.817559, 14.352839],
    [45.842577, 28.571702],
    [37.706314, 42.782727],
    [22.475641, 45.849151],
    [8.260364, 40.755097],
    [2.152342, 26.540425],
    [4.198522, 12.322205]
  ]
}
