{
  "area": 1217.948823,
  "vertices": [
    [38.648499, 39.053598],
    [5.109088, 46.689769],
    [4.699705, 20.809359],
    [32.318100, 1.320347],
    [42.919135, 1.440203]
  ]
}
