{
  "area": 1404.865297,
  "vertices": [
    [39.640271, 41.907605],
    [14.996093, 45.218588],
    [6.378868, 30.522412],
    [7.521861, 17.734813],
    [0.089574, 5.712845],
    [45.507451, 2.417815]
  ]
}
