{
  "area": 1311.653689,
  "vertices": [
    [16.339187, 4.071038],
    [24.753662, 4.816932],
    [33.165007, 4.555922],
    [39.075808, 10.436695],
    [42.114877, 17.133691],
    [45.957693, 22.271409],
    [45.952093, 28.952700],
    [40.962984, 34.652794],
    [37.907684, 41.739841],
    [30.076821, 43.488433],
    [23.574188, 39.926980],
    [17.023353, 43.601451],
    [10.806625, 41.272240],
    [7.124831, 35.627403],
    [2.051707, 29.960315],
    [2.617309, 23.043578],
    [5.644921, 17.338542],
    [9.174800, 10.113756]
  ]
}
