{
  "area": 751.656250,
  "vertices": [
    [11.232333, 46.806470],
    [10.122435, 46.799352],
    [0.130679, 41.206867],
    [0.123676, 40.099312],
    [1.218778, 38.998204],
    [1.211486, 37.889160],
    [1.204309, 36.779326],
    [2.298524, 35.675805],
    [37.952947, 0.044242],
    [39.068260, 1.152951],
    [46.850839, 7.835355],
    [47.959841, 8.950063]
  ]
}
