{
  "area": 871.261927,
  "vertices": [
    [10.395677, 48.225396],
    [-2.421436, 43.923439],
    [-2.232966, 42.348265],
    [-1.321063, 41.069403],
    [-1.330939, 39.413142],
    [39.625576, -2.138499],
    [50.494226, 7.615624]
  ]
}
