{
  "area": 868.260454,
  "vertices": [
    [11.427337, 47.530307],
    [10.335371, 47.523706],
    [9.244115, 47.516966],
    [8.160230, 48.594513],
    [7.070360, 48.587980],
    [-0.587980, 40.929640],
    [-0.594513, 39.839770],
    [-0.600987, 38.749276],
    [0.476294, 37.664629],
    [38.793518, -1.730923],
    [39.889721, -0.640976],
    [49.730923, 9.206482]
  ]
}
