{
  "area": 1373.013353,
  "vertices": [
    [23.486651, 4.036790],
    [32.467156, 10.337443],
    [47.375174, 12.708674],
    [44.953385, 27.203484],
    [41.113594, 42.543481],
    [23.924353, 43.934961],
    [8.328389, 42.982290],
    [3.960762, 28.446241],
    [0.067626, 14.700197],
    [12.829397, 10.127220]
  ]
}
