{
  "area": 1366.560139,
  "vertices": [
    [23.489918, 4.150145],
    [32.425743, 10.419452],
    [46.948714, 12.466134],
    [44.849249, 28.083531],
    [40.703030, 42.742583],
    [23.925442, 43.849817],
    [8.407070, 42.901887],
    [3.932191, 28.752588],
    [0.192099, 13.878563],
    [13.326646, 10.206685]
  ]
}
