{
  "area": 1160.050488,
  "vertices": [
    [23.491732, 5.150098],
    [28.596344, 9.741987],
    [35.379433, 10.889266],
    [42.059778, 11.280128],
    [45.790081, 18.428100],
    [42.849901, 25.713428],
    [42.143953, 34.320839],
    [38.678355, 40.816530],
    [29.362359, 41.831572],
    [20.867334, 41.843381],
    [11.158944, 41.772448],
    [7.200350, 35.999377],
    [4.861927, 27.825294],
    [3.776612, 20.015482],
    [4.132414, 12.302449],
    [10.746341, 11.759281],
    [18.820268, 11.731189]
  ]
}
