{
  "area": 1424.628059,
  "vertices": [
    [23.495481, 0.150029],
    [33.661331, 8.123440],
    [42.414961, 18.954610],
    [42.929515, 31.672099],
    [40.399469, 46.094110],
    [24.910549, 47.849442],
    [10.342062, 47.793431],
    [4.174177, 34.741316],
    [3.741874, 20.820511],
    [12.520333, 9.994613]
  ]
}
