{
  "area": 1202.275535,
  "vertices": [
    [23.489729, 2.026743],
    [36.793402, 12.163177],
    [42.943872, 27.516388],
    [39.816559, 43.841310],
    [25.534995, 45.944073],
    [10.218628, 44.867778],
    [6.064658, 29.566613],
    [9.159070, 14.210928]
  ]
}
