{
  "area": 1429.772495,
  "vertices": [
    [23.495481, 0.150029],
    [33.661331, 8.123440],
    [42.130480, 18.666790],
    [43.497405, 32.248796],
    [40.113000, 46.379950],
    [24.910549, 47.849442],
    [10.342062, 47.793431],
    [4.176527, 35.145993],
    [4.169468, 20.186086],
    [12.807517, 9.709490]
  ]
}
