{
  "area": 1096.877826,
  "vertices": [
    [15.372649, 2.173991],
    [24.560314, 5.202370],
    [25.198252, 15.807803],
    [35.065333, 17.306605],
    [45.324665, 18.896287],
    [45.453140, 28.960336],
    [39.284553, 36.718993],
    [35.679227, 43.956951],
    [25.195300, 45.849465],
    [16.368179, 43.623889],
    [14.483313, 36.974086],
    [9.166526, 29.305788],
    [11.154722, 18.378765],
    [2.392269, 16.600633],
    [5.579483, 6.925870]
  ]
}
