{
  "area": 1704.662363,
  "vertices": [
    [26.807714, 46.991831],
    [2.041933, 36.345308],
    [1.880904, 2.577568],
    [46.704366, 3.146000],
    [45.946767, 26.061349],
    [45.931505, 29.747178],
    [45.921583, 31.590082],
    [45.910690, 33.432981],
    [45.899161, 35.275875]
  ]
}
