{
  "area": 1684.091184,
  "vertices": [
    [27.455251, 46.286330],
    [2.182024, 36.734594],
    [1.933027, 2.622962],
    [46.974608, 3.515482],
    [46.011569, 25.639013],
    [45.891134, 26.970233],
    [45.885513, 28.349137],
    [45.878994, 29.728036],
    [45.871718, 31.106932],
    [45.863762, 32.485824],
    [45.855389, 33.864713],
    [45.846728, 35.243601]
  ]
}
