{
  "area": 1436.859242,
  "vertices": [
    [18.911845, 43.870078],
    [18.012688, 42.983980],
    [17.113774, 42.097636],
    [15.904984, 41.960874],
    [15.007127, 41.073460],
    [13.817030, 40.890415],
    [12.554664, 40.881238],
    [11.292300, 40.871837],
    [10.029936, 40.862355],
    [8.970982, 40.365887],
    [7.949383, 39.779917],
    [0.881524, 9.585209],
    [0.889066, 8.322832],
    [0.896778, 7.060456],
    [1.351950, 5.984418],
    [2.242762, 5.089932],
    [45.670862, 5.003933],
    [41.434007, 39.769517]
  ]
}
