{
  "area": 1259.096693,
  "vertices": [
    [21.412906, -0.447071],
    [33.129451, 3.969718],
    [36.322845, 18.380040],
    [43.273407, 29.065524],
    [39.734031, 43.111581],
    [26.170199, 48.322637],
    [12.891565, 46.233255],
    [4.756820, 34.972187],
    [8.395634, 23.788190],
    [13.071372, 9.978377]
  ]
}
