{
  "area": 1240.029725,
  "vertices": [
    [21.467949, 0.151471],
    [31.604478, 2.165958],
    [34.718430, 13.226525],
    [39.846398, 24.449919],
    [42.828995, 33.619426],
    [37.720503, 43.771806],
    [26.543287, 47.847313],
    [16.376972, 46.827665],
    [6.217574, 39.706726],
    [5.151564, 28.533051],
    [11.197801, 19.323433],
    [13.326555, 8.195999]
  ]
}
