{
  "area": 1045.273643,
  "vertices": [
    [20.456730, 2.152685],
    [31.624184, 5.172772],
    [34.769917, 17.277189],
    [40.847790, 28.539274],
    [38.756553, 40.738077],
    [26.554813, 45.845681],
    [15.357320, 44.819597],
    [6.190071, 35.662616],
    [9.153801, 24.448558],
    [13.297337, 12.214645]
  ]
}
