{
  "area": 1109.161187,
  "vertices": [
    [17.364472, 2.177305],
    [26.452243, 2.150976],
    [34.721649, 2.189864],
    [41.754754, 4.895194],
    [40.389410, 12.919925],
    [41.849516, 21.418545],
    [39.803782, 29.677936],
    [34.491839, 35.989038],
    [26.568083, 38.848851],
    [18.701349, 43.541956],
    [10.969631, 44.802286],
    [10.260147, 36.363115],
    [10.194738, 28.946078],
    [12.408297, 21.525756],
    [19.155315, 21.614538],
    [11.634970, 19.470952],
    [6.165923, 14.689888],
    [10.234222, 7.852081]
  ]
}
