{
  "area": 1315.664053,
  "vertices": [
    [18.395556, 2.050078],
    [33.711132, 4.089995],
    [42.933206, 18.375715],
    [41.900940, 33.712350],
    [28.604908, 45.950293],
    [13.290112, 43.910980],
    [4.067451, 29.626329],
    [4.090256, 14.295860]
  ]
}
