{
  "area": 1071.788471,
  "vertices": [
    [34.307200, 47.235480],
    [33.162352, 47.241680],
    [32.017502, 47.247474],
    [15.989466, 47.252192],
    [14.844614, 47.246822],
    [13.699764, 47.240952],
    [12.554917, 47.234695],
    [11.567471, 0.818041],
    [37.559623, 4.034503]
  ]
}
