{
  "area": 1578.468296,
  "vertices": [
    [2.592097, -0.520072],
    [11.787615, 5.511351],
    [21.714066, 1.455565],
    [32.555524, 3.547324],
    [41.254571, 1.100521],
    [48.541771, 3.486954],
    [41.583704, 11.687393],
    [42.428304, 22.848936],
    [42.377504, 34.542390],
    [36.645281, 43.871892],
    [26.903026, 48.636354],
    [16.061095, 46.553713],
    [7.911647, 39.412546],
    [5.581443, 28.655814],
    [5.589750, 16.962279],
    [2.259932, 7.513800]
  ]
}
