{
  "area": 1340.825421,
  "vertices": [
    [4.849371, 1.747605],
    [12.041813, 6.844214],
    [20.559283, 3.710616],
    [29.441342, 4.741546],
    [37.674558, 5.135849],
    [45.164311, 2.738076],
    [42.448579, 10.749103],
    [41.213238, 18.676727],
    [41.212298, 29.308188],
    [39.296547, 37.840582],
    [31.912019, 44.274440],
    [23.453222, 46.343558],
    [14.089930, 43.236668],
    [7.930957, 37.066839],
    [6.775914, 26.886377],
    [6.792605, 17.583849],
    [3.842105, 9.032573]
  ]
}
