{
  "area": 1586.235394,
  "vertices": [
    [50.499306, 1.881380],
    [42.985267, 10.737061],
    [42.730021, 12.730733],
    [37.652249, 45.493202],
    [11.802446, 46.947208],
    [4.115283, 16.433426],
    [4.971574, 14.678163],
    [5.260016, 12.686608],
    [4.972688, 10.705981],
    [-2.505652, 1.170620]
  ]
}
