{
  "area": 1547.583839,
  "vertices": [
    [23.638436, 0.595221],
    [22.282236, 19.058094],
    [50.633216, 19.620340],
    [40.999996, 46.585008],
    [4.348718, 45.347647],
    [3.219573, 44.216654],
    [1.251570, 4.954199],
    [7.212610, 0.032383]
  ]
}
