{
  "area": 911.078186,
  "vertices": [
    [22.443282, 8.154626],
    [30.901698, 8.179688],
    [39.359842, 8.258589],
    [45.808630, 10.914103],
    [42.839032, 17.547376],
    [37.961058, 23.420273],
    [35.881423, 28.758135],
    [40.391851, 35.349498],
    [35.681722, 39.797387],
    [26.746871, 38.050520],
    [20.185569, 34.829175],
    [12.762160, 37.294799],
    [9.207778, 32.416992],
    [12.169698, 26.616538],
    [4.143200, 27.570439],
    [2.150956, 20.513803],
    [7.847838, 15.369161],
    [14.388546, 12.116831]
  ]
}
