{
  "area": 1073.339243,
  "vertices": [
    [20.429602, 1.985427],
    [34.773584, 7.075999],
    [39.966368, 21.411696],
    [38.896912, 35.790617],
    [26.572111, 46.006401],
    [12.225455, 41.923105],
    [7.037651, 28.614712],
    [9.108124, 14.219604]
  ]
}
