{
  "area": 1364.834906,
  "vertices": [
    [8.461382, 41.503614],
    [8.450683, 40.118603],
    [7.807978, 38.998237],
    [6.602419, 38.558785],
    [5.226952, 38.525403],
    [4.249288, 37.544310],
    [3.806899, 6.429553],
    [41.734147, 7.526744],
    [47.025001, 31.053470],
    [47.017903, 32.438504],
    [47.010260, 33.823535],
    [47.002200, 35.208564],
    [46.993821, 36.593590],
    [46.985264, 37.978616],
    [46.976640, 39.363642]
  ]
}
