{
  "area": 1681.080664,
  "vertices": [
    [13.235264, 1.879484],
    [22.542561, 8.002109],
    [34.585970, 8.995316],
    [46.730687, 9.755677],
    [48.136669, 18.160961],
    [48.147852, 30.586867],
    [45.572446, 41.375411],
    [34.525065, 46.053568],
    [24.361152, 42.046755],
    [13.587863, 46.060062],
    [3.783957, 41.712741],
    [-0.131624, 32.069292],
    [0.881821, 20.058958],
    [2.979962, 8.475606]
  ]
}
