{
  "area": 1388.979472,
  "vertices": [
    [13.357679, 3.180243],
    [19.944468, 7.155775],
    [26.946507, 10.159776],
    [35.764605, 10.229275],
    [44.346673, 10.859790],
    [45.121047, 16.365329],
    [45.849667, 24.483820],
    [45.830576, 33.302166],
    [42.781647, 39.707411],
    [34.386196, 43.799314],
    [27.744074, 39.975762],
    [19.414818, 40.864454],
    [12.394322, 43.800956],
    [5.248041, 39.739679],
    [2.169229, 32.763470],
    [2.151004, 23.945126],
    [3.186246, 15.539061],
    [5.948408, 8.253313]
  ]
}
