{
  "area": 1830.832422,
  "vertices": [
    [50.743241, 35.648649],
    [33.677837, 48.129305],
    [0.536809, 42.459610],
    [1.183109, 5.749032],
    [16.664776, 2.198368],
    [24.557658, 7.120757],
    [44.920498, 7.253106]
  ]
}
