{
  "area": 1460.503950,
  "vertices": [
    [27.254094, 1.209284],
    [41.532453, 10.704740],
    [46.702375, 8.994411],
    [46.461537, 43.259094],
    [11.304146, 42.218580],
    [-2.094283, 22.254936]
  ]
}
