{
  "area": 1191.184292,
  "vertices": [
    [35.712430, 5.830516],
    [33.871250, 10.582916],
    [37.078712, 14.167025],
    [44.091297, 9.382074],
    [43.425310, 42.364374],
    [36.903859, 38.097043],
    [16.330412, 42.549076],
    [-0.230490, 24.821477],
    [15.251054, 8.891330],
    [17.624562, 4.345199]
  ]
}
