{
  "area": 1414.098665,
  "vertices": [
    [8.742443, 41.174616],
    [-1.345316, 21.141365],
    [27.757108, 1.102086],
    [40.808034, 11.086508],
    [45.815172, 8.915294],
    [46.066368, 43.347450],
    [37.522548, 39.002066],
    [28.960947, 43.407443]
  ]
}
