{
  "area": 1068.940176,
  "vertices": [
    [9.592366, 48.651422],
    [7.884496, 48.645577],
    [6.176629, 48.638918],
    [4.624013, 48.257101],
    [5.537164, 0.043781],
    [13.599677, 2.913540],
    [15.003244, 3.656367],
    [16.340034, 4.565059],
    [45.677159, 18.025293]
  ]
}
