{
  "area": 992.422530,
  "vertices": [
    [7.126077, -0.277218],
    [16.043510, 4.386179],
    [26.907426, 8.942789],
    [37.868922, 13.215610],
    [45.471487, 20.164146],
    [34.826454, 24.663760],
    [23.872867, 28.953827],
    [14.182249, 33.285766],
    [13.361426, 45.636704],
    [3.290276, 47.397505],
    [2.937738, 34.947838],
    [2.835546, 22.232444],
    [2.909301, 9.516921]
  ]
}
