{
  "area": 823.807000,
  "vertices": [
    [9.351230, 2.183192],
    [17.484688, 6.150335],
    [26.719746, 10.227582],
    [34.819099, 13.356209],
    [42.848347, 18.466027],
    [36.846485, 23.549476],
    [27.785812, 27.702018],
    [19.549345, 30.846504],
    [14.425339, 37.841944],
    [13.432689, 44.843466],
    [5.329394, 43.805604],
    [5.271229, 35.764884],
    [5.180261, 26.642361],
    [5.156038, 18.435269],
    [5.239951, 9.265747]
  ]
}
