{
  "area": 883.988815,
  "vertices": [
    [11.329540, 2.194315],
    [19.451075, 2.153436],
    [22.508259, 9.150097],
    [30.734133, 12.239843],
    [37.837443, 17.407089],
    [40.842716, 25.571034],
    [35.791908, 30.693106],
    [29.654704, 36.813953],
    [26.570702, 42.842785],
    [20.474881, 45.849097],
    [20.464501, 38.848195],
    [13.322369, 36.801575],
    [12.226986, 29.719005],
    [6.152251, 23.539630],
    [6.174498, 15.371359],
    [7.239573, 8.266167]
  ]
}
