{
  "area": 1539.992506,
  "vertices": [
    [39.059591, 46.751243],
    [7.185774, 43.967445],
    [4.779568, 30.815766],
    [-0.753744, 17.258888],
    [11.578415, 9.138453],
    [23.374229, -0.523083],
    [36.494023, 9.231565],
    [48.359764, 16.121951]
  ]
}
