{
  "area": 1507.455876,
  "vertices": [
    [10.003964, 46.428532],
    [5.133559, 31.158865],
    [-0.150332, 16.074685],
    [11.696194, 9.286062],
    [23.821631, -0.215273],
    [36.046026, 9.047821],
    [48.594542, 17.422129],
    [42.931092, 30.853392],
    [40.912230, 44.561670]
  ]
}
