{
  "area": 1339.756270,
  "vertices": [
    [21.460813, 2.152201],
    [31.477849, 4.171248],
    [38.862758, 11.265650],
    [45.837787, 18.754535],
    [41.844700, 28.574908],
    [41.011989, 39.481628],
    [31.745543, 44.826683],
    [21.935958, 43.373787],
    [11.024470, 43.511046],
    [6.190298, 34.034904],
    [2.150145, 25.037841],
    [3.847677, 13.677639],
    [14.133046, 9.383278]
  ]
}
