{
  "area": 677.035765,
  "vertices": [
    [39.015944, 1.727811],
    [46.285089, 11.049872],
    [35.082914, 22.436804],
    [21.349773, 36.115547],
    [8.963296, 46.288751],
    [1.698782, 36.972035],
    [13.920735, 24.552959],
    [26.608188, 10.875250]
  ]
}
