{
  "area": 1672.172677,
  "vertices": [
    [23.371294, 48.284601],
    [21.579258, 48.282728],
    [6.303333, 48.274825],
    [-1.331652, 31.767056],
    [-1.338122, 29.975030],
    [15.612279, 4.008591],
    [16.965080, 2.936803],
    [45.156901, 0.021486],
    [47.110535, 27.880920]
  ]
}
