{
  "area": 1387.637667,
  "vertices": [
    [27.556236, 2.154547],
    [44.761215, 5.483701],
    [44.959784, 23.379755],
    [36.080718, 38.412025],
    [20.443764, 45.845453],
    [3.238785, 42.516299],
    [3.040216, 24.620245],
    [11.919282, 9.587975]
  ]
}
