{
  "area": 1686.605811,
  "vertices": [
    [27.609983, -0.261852],
    [46.693201, 3.459346],
    [47.577136, 23.152373],
    [37.419570, 39.571782],
    [20.385949, 48.261800],
    [1.859133, 44.312279],
    [0.748448, 24.985600],
    [10.577932, 8.429560]
  ]
}
