{
  "area": 1319.056557,
  "vertices": [
    [15.383688, 2.169892],
    [22.742160, 8.408406],
    [30.729137, 2.165971],
    [38.912529, 9.417748],
    [39.840696, 21.403472],
    [44.841813, 29.918140],
    [39.452357, 40.042049],
    [30.402885, 45.042626],
    [18.392412, 45.839651],
    [8.174666, 40.669561],
    [2.161350, 30.805231],
    [7.155639, 22.290566],
    [7.460225, 10.045161]
  ]
}
