{
  "area": 1459.255845,
  "vertices": [
    [12.269798, 3.091314],
    [23.950803, 7.066203],
    [36.814621, 3.166048],
    [43.901571, 12.389416],
    [45.958465, 25.267939],
    [42.332946, 38.320922],
    [31.315850, 43.928126],
    [16.782999, 43.928491],
    [4.882186, 37.532863],
    [2.041465, 25.366900],
    [4.097522, 12.487672]
  ]
}
