{
  "area": 1744.567535,
  "vertices": [
    [13.352911, 1.182408],
    [24.203466, 6.852223],
    [35.535933, 1.185560],
    [44.786677, 10.031868],
    [47.847975, 21.976427],
    [46.811690, 36.061697],
    [36.860294, 44.796658],
    [24.507570, 46.849954],
    [10.975141, 44.459843],
    [1.182714, 35.175931],
    [0.195078, 22.426186],
    [3.217733, 9.143859]
  ]
}
