{
  "area": 1755.283156,
  "vertices": [
    [41.186836, 45.181482],
    [6.362882, 44.267738],
    [-1.113200, 21.578554],
    [1.358552, 16.882259],
    [7.656207, 1.460440],
    [24.887403, 5.376144],
    [38.403860, 0.359804],
    [47.626729, 17.903959],
    [49.530461, 20.929476]
  ]
}
