{
  "area": 1467.872799,
  "vertices": [
    [41.547320, 44.952607],
    [4.384127, 43.355495],
    [5.436532, 5.569947],
    [5.498292, 4.283104],
    [41.088665, 3.873274],
    [41.556719, 4.989901]
  ]
}
