{
  "area": 1825.395415,
  "vertices": [
    [42.575808, 47.801850],
    [2.858140, 45.137665],
    [2.824981, 8.135445],
    [11.324293, -1.555888],
    [18.185942, 0.694551],
    [43.358968, 2.025778],
    [44.142733, 3.651616]
  ]
}
