{
  "area": 1741.895789,
  "vertices": [
    [43.383072, 45.803056],
    [3.441872, 45.498355],
    [3.406936, 8.110703],
    [4.491495, 2.866565],
    [18.672191, 1.683774],
    [42.133584, 1.976400],
    [43.584669, 7.066696]
  ]
}
