{
  "area": 996.133590,
  "vertices": [
    [10.136631, 1.806315],
    [18.334696, 6.316626],
    [17.564541, 17.379720],
    [29.972474, 19.087518],
    [40.229347, 24.526830],
    [45.147959, 35.006275],
    [40.842433, 45.162309],
    [32.715064, 45.066294],
    [20.455429, 45.100026],
    [11.089202, 42.959792],
    [11.489663, 32.183569],
    [7.948511, 20.540854],
    [2.925384, 10.141304]
  ]
}
