{
  "area": 699.600661,
  "vertices": [
    [5.044052, 14.280246],
    [17.244813, 14.147796],
    [29.728755, 14.134420],
    [42.957254, 14.281064],
    [46.013863, 24.526524],
    [36.868875, 33.796984],
    [23.471444, 29.897566],
    [11.133096, 33.798291],
    [1.988282, 25.550432]
  ]
}
