{
  "area": 1243.138129,
  "vertices": [
    [17.879986, 47.781448],
    [3.499379, 13.536490],
    [21.189748, 0.274666],
    [22.294906, 0.272624],
    [40.008003, 9.091873],
    [42.269005, 29.037254],
    [44.397805, 36.748315]
  ]
}
