{
  "area": 1240.861024,
  "vertices": [
    [16.040210, 2.300076],
    [25.546187, 6.329122],
    [21.271914, 12.671639],
    [32.742343, 14.833951],
    [41.642404, 11.775645],
    [44.611399, 22.422467],
    [46.667720, 33.900704],
    [44.251533, 44.497273],
    [35.562712, 41.989995],
    [25.547035, 42.738748],
    [23.532790, 36.160667],
    [17.746429, 44.582711],
    [10.703255, 37.987549],
    [7.488900, 26.949740],
    [1.532796, 18.136700],
    [6.077652, 8.058825]
  ]
}
