{
  "area": 849.878035,
  "vertices": [
    [17.426194, 2.157870],
    [24.945950, 4.556408],
    [24.556693, 12.377235],
    [21.151239, 19.433414],
    [27.406856, 21.277861],
    [34.986793, 19.172957],
    [39.846319, 22.851164],
    [39.830781, 31.356198],
    [34.724603, 37.748521],
    [31.653817, 44.213427],
    [24.161536, 45.848660],
    [17.406562, 43.493566],
    [17.296996, 38.827049],
    [10.699545, 34.189140],
    [8.278375, 26.659152],
    [9.701808, 18.827519],
    [8.617755, 12.638285],
    [9.639676, 6.873539]
  ]
}
