{
  "area": 1182.658105,
  "vertices": [
    [26.469809, -0.163651],
    [29.562193, 7.681807],
    [34.341801, 11.407211],
    [43.652590, 13.138904],
    [45.250352, 23.250240],
    [45.078348, 32.687644],
    [43.306444, 43.606757],
    [34.829202, 48.115808],
    [25.321943, 42.961086],
    [18.801764, 36.540613],
    [10.957146, 29.918407],
    [7.960647, 21.384135],
    [2.166756, 13.201020],
    [10.861486, 9.238893],
    [21.190970, 8.066803]
  ]
}
