{
  "area": 1225.175286,
  "vertices": [
    [29.728474, -2.165504],
    [28.642085, 6.956793],
    [28.989812, 10.680183],
    [30.595503, 11.492512],
    [47.158811, 13.214894],
    [39.765469, 50.180677],
    [8.896653, 30.008622],
    [8.885158, 24.206588],
    [6.873831, 21.161089],
    [-0.595296, 15.906189]
  ]
}
