{
  "area": 1018.501620,
  "vertices": [
    [25.462584, 2.035458],
    [29.552986, 6.909778],
    [30.946203, 13.784993],
    [37.792583, 12.160969],
    [43.898829, 17.459285],
    [43.932247, 25.822875],
    [42.874387, 34.963584],
    [41.761935, 42.889952],
    [33.448492, 45.938313],
    [26.655298, 42.106291],
    [19.663897, 37.244619],
    [13.158604, 32.738826],
    [12.074643, 24.438282],
    [6.007001, 20.350684],
    [6.267594, 13.088752],
    [13.431444, 10.167146],
    [21.351366, 8.700721]
  ]
}
