{
  "area": 1069.738837,
  "vertices": [
    [23.197480, 46.223069],
    [2.125628, 44.985238],
    [-1.920526, 33.371962],
    [23.328684, 9.514669],
    [28.758944, 12.516401],
    [35.050255, 5.662892],
    [35.026113, 1.872512],
    [49.629124, 1.925383]
  ]
}
