{
  "area": 985.134722,
  "vertices": [
    [41.716682, 0.225138],
    [47.780891, 6.864778],
    [41.316921, 14.316315],
    [33.606164, 20.549272],
    [34.844966, 29.607005],
    [27.733398, 35.261190],
    [22.638749, 44.751139],
    [13.589678, 47.831971],
    [3.832772, 43.327464],
    [0.170945, 34.512889],
    [4.082774, 24.516092],
    [12.636121, 20.269066],
    [19.174897, 12.151495],
    [27.260529, 14.189851],
    [33.682231, 5.512198]
  ]
}
