{
  "area": 813.913960,
  "vertices": [
    [40.730254, 3.236404],
    [45.783828, 8.295203],
    [39.795443, 14.312348],
    [30.823354, 22.366052],
    [32.841804, 29.575299],
    [26.705796, 35.783105],
    [20.507059, 43.849929],
    [12.361066, 44.821243],
    [4.236706, 40.730600],
    [2.161855, 31.590321],
    [5.158452, 23.423547],
    [13.245346, 20.259894],
    [19.483775, 12.150376],
    [26.671407, 15.194845],
    [32.688633, 7.205182]
  ]
}
