{
  "area": 1027.867992,
  "vertices": [
    [19.646737, 41.414007],
    [18.461418, 40.319224],
    [13.197296, 37.218083],
    [11.714904, 36.956525],
    [-2.105260, 37.383609],
    [8.662519, 25.292343],
    [20.565985, 7.495047],
    [40.360923, 9.020548],
    [50.105061, 30.506980]
  ]
}
