{
  "area": 1051.309904,
  "vertices": [
    [33.627206, 7.173934],
    [39.742437, 11.247563],
    [46.833625, 18.394196],
    [47.849776, 25.512520],
    [46.820002, 33.641769],
    [39.777969, 34.712681],
    [31.613969, 38.830925],
    [24.450105, 40.846425],
    [16.280398, 37.772534],
    [8.220306, 38.710408],
    [1.182599, 36.647501],
    [3.157050, 29.569896],
    [10.150364, 25.515950],
    [12.188045, 17.341305],
    [17.299481, 11.213134],
    [25.472800, 8.151058]
  ]
}
