{
  "area": 872.753471,
  "vertices": [
    [-0.565109, 35.798097],
    [10.529098, 24.526481],
    [19.662023, 8.589673],
    [41.243543, 10.908769],
    [43.496396, 12.055498],
    [43.512611, 34.737724],
    [37.904380, 34.798041],
    [34.486212, 37.089621]
  ]
}
