{
  "area": 1117.520066,
  "vertices": [
    [6.719631, 37.682583],
    [5.631994, 37.674635],
    [2.326604, 25.579260],
    [3.409129, 25.579924],
    [5.574634, 23.376127],
    [5.583038, 20.070032],
    [28.734249, 5.704762],
    [45.248776, 13.464979],
    [43.020860, 42.075546]
  ]
}
