{
  "area": 1189.851845,
  "vertices": [
    [19.430864, 2.156896],
    [29.607954, 3.167065],
    [38.776834, 10.285844],
    [39.848192, 20.464467],
    [41.830077, 28.616400],
    [35.715930, 37.775452],
    [27.559683, 45.844874],
    [17.409910, 44.838207],
    [10.265559, 36.759879],
    [4.168192, 28.611370],
    [7.154684, 19.442930],
    [8.232650, 9.274115]
  ]
}
