{
  "area": 1243.510293,
  "vertices": [
    [28.564153, 2.155930],
    [36.802960, 8.314474],
    [42.827807, 18.906942],
    [41.542701, 30.890278],
    [37.717658, 42.990353],
    [26.263994, 45.847947],
    [13.750529, 45.810313],
    [8.203214, 35.848060],
    [5.152892, 23.435184],
    [7.231437, 11.755258],
    [19.141241, 8.163214]
  ]
}
