{
  "area": 1026.723913,
  "vertices": [
    [26.676120, 1.056500],
    [37.767128, 1.110253],
    [41.625644, 7.511143],
    [37.491583, 16.871881],
    [37.430394, 27.933015],
    [30.673426, 35.426394],
    [28.814308, 45.344186],
    [17.998028, 45.983546],
    [14.684657, 37.517049],
    [4.908726, 38.491580],
    [5.631596, 28.899381],
    [8.380656, 19.321886],
    [14.200620, 11.229923],
    [24.157443, 8.421541]
  ]
}
