{
  "area": 1332.672791,
  "vertices": [
    [15.278612, 2.520154],
    [17.345516, -0.147398],
    [43.852084, 14.612752],
    [43.518341, 46.847285],
    [12.989376, 42.124639],
    [14.912370, 35.982494],
    [13.204781, 34.584406],
    [0.041984, 33.842899]
  ]
}
