{
  "area": 1209.502082,
  "vertices": [
    [26.535627, 2.151818],
    [40.734047, 6.239766],
    [45.846388, 21.449844],
    [35.740315, 36.754458],
    [20.438395, 45.844536],
    [6.246734, 41.741571],
    [2.151359, 26.530817],
    [14.256761, 14.248336]
  ]
}
