{
  "area": 1723.856200,
  "vertices": [
    [4.936783, 5.129638],
    [15.126803, 1.310927],
    [18.536356, 1.877815],
    [21.738844, -0.205072],
    [49.405341, 26.776608],
    [46.238086, 28.899677],
    [45.420192, 30.593860],
    [45.422124, 40.712309],
    [49.664700, 45.784616],
    [-1.581434, 46.815750]
  ]
}
