{
  "area": 1723.026402,
  "vertices": [
    [4.936783, 5.129638],
    [16.056296, 1.514010],
    [17.220783, 2.381603],
    [22.099821, -0.561140],
    [49.049473, 27.137781],
    [45.526989, 29.622652],
    [45.371152, 40.227462],
    [49.661875, 46.291646],
    [-1.584360, 46.308720]
  ]
}
