{
  "area": 1382.414665,
  "vertices": [
    [47.366680, 24.443613],
    [44.677092, 28.201856],
    [44.159673, 29.363205],
    [44.107283, 38.969512],
    [44.656940, 40.113415],
    [47.300702, 42.500921],
    [0.790769, 42.578636],
    [3.385523, 40.172311],
    [3.984602, 39.048825],
    [4.122861, 17.681687],
    [6.053066, 15.730355],
    [10.604515, 1.657889],
    [17.999388, 3.676163],
    [22.221561, 0.750321]
  ]
}
