{
  "area": 955.067654,
  "vertices": [
    [24.511474, 2.150188],
    [30.627006, 7.173857],
    [35.752239, 13.257357],
    [39.837698, 20.408022],
    [37.837850, 28.591418],
    [33.735298, 35.759104],
    [32.647969, 43.817183],
    [24.512342, 45.849782],
    [16.378922, 44.828390],
    [14.293827, 37.782830],
    [9.175094, 30.630139],
    [7.153401, 22.451328],
    [11.231773, 14.275157],
    [16.364317, 7.177370]
  ]
}
