{
  "area": 1121.340518,
  "vertices": [
    [25.518427, 0.150485],
    [30.606816, 5.166698],
    [35.723111, 11.230331],
    [39.820929, 18.360342],
    [41.849932, 25.506916],
    [37.806413, 32.669148],
    [34.695089, 40.790586],
    [32.626861, 46.826200],
    [24.504699, 47.849968],
    [16.385958, 47.830899],
    [14.312960, 40.795831],
    [10.191507, 32.665324],
    [6.150065, 25.506760],
    [8.177778, 18.363352],
    [12.272301, 11.234194],
    [18.402530, 5.163846]
  ]
}
