{
  "area": 1163.527210,
  "vertices": [
    [32.894049, 49.786905],
    [13.276152, 45.831488],
    [13.219284, 39.281782],
    [5.232827, 21.118828],
    [22.839323, -1.430275],
    [42.298490, 18.439889]
  ]
}
