{
  "area": 1098.155130,
  "vertices": [
    [14.220237, 3.017081],
    [20.536611, 6.187243],
    [28.029198, 5.426837],
    [35.498540, 8.775885],
    [39.976114, 15.183593],
    [46.060032, 19.747839],
    [46.041421, 28.581498],
    [43.253768, 35.862549],
    [35.262174, 35.930737],
    [27.348434, 39.252151],
    [21.681389, 44.073244],
    [17.290677, 38.998350],
    [21.365597, 32.494468],
    [14.322230, 32.876536],
    [9.893621, 26.541227],
    [5.964907, 19.905738],
    [1.940706, 13.926996],
    [5.884951, 7.301278]
  ]
}
