{
  "area": 878.457808,
  "vertices": [
    [29.574103, 2.106419],
    [39.742682, 3.171528],
    [45.871241, 13.339486],
    [42.888695, 24.558147],
    [31.745007, 28.780495],
    [20.349058, 34.853994],
    [14.308095, 43.864143],
    [3.191403, 43.797079],
    [5.137402, 32.687193],
    [16.126321, 21.479735],
    [19.315103, 10.163785]
  ]
}
