{
  "area": 1141.207178,
  "vertices": [
    [30.879212, -1.447592],
    [46.450041, 3.283116],
    [48.815665, 21.056461],
    [34.132251, 30.227627],
    [20.024274, 36.781681],
    [8.041684, 49.747388],
    [-0.930899, 38.057402],
    [11.376233, 25.612644],
    [18.772142, 10.203454]
  ]
}
