{
  "area": 1023.951558,
  "vertices": [
    [30.566892, 0.156452],
    [39.691454, 1.207006],
    [47.803959, 9.326481],
    [47.848369, 19.466254],
    [39.818601, 27.644891],
    [29.642367, 28.819737],
    [20.371514, 36.825563],
    [13.328513, 44.805110],
    [3.263350, 46.757870],
    [1.199956, 36.680204],
    [11.167886, 26.610454],
    [19.217403, 16.293508],
    [21.391551, 6.167225]
  ]
}
