{
  "area": 1143.214289,
  "vertices": [
    [6.233455, 1.727050],
    [23.388286, 7.576642],
    [27.023150, 10.886311],
    [25.174996, 16.498961],
    [42.500165, 16.495528],
    [46.231718, 41.366290],
    [34.128091, 47.838410],
    [16.676945, 32.313513],
    [2.527735, 23.578345],
    [2.078120, 6.102492]
  ]
}
