{
  "area": 1837.540476,
  "vertices": [
    [45.874944, 14.358335],
    [46.403374, 15.778716],
    [42.753764, 51.816568],
    [42.767906, 49.818310],
    [42.244514, 48.041154],
    [40.829099, 47.962572],
    [39.090976, 48.601061],
    [37.618666, 49.879060],
    [35.824018, 50.383449],
    [7.840809, 47.424628],
    [6.440035, 48.600786],
    [5.929486, 50.383001],
    [1.349976, 15.959057],
    [2.495755, 14.430499],
    [24.380079, -4.593965]
  ]
}
