{
  "area": 1955.834464,
  "vertices": [
    [-0.259961, 15.666945],
    [15.150932, -0.732676],
    [15.163489, -3.511769],
    [47.659593, 10.027201],
    [42.532628, 48.480003],
    [40.430059, 49.549179],
    [8.617536, 49.797403],
    [6.647434, 48.567185],
    [5.638377, 50.922960]
  ]
}
