{
  "area": 1498.350869,
  "vertices": [
    [20.280500, 1.041643],
    [29.464119, 1.713738],
    [34.450129, 8.113331],
    [41.560267, 10.085732],
    [42.999884, 18.358879],
    [45.915994, 25.495443],
    [42.667864, 33.832550],
    [44.706287, 43.289264],
    [38.168223, 42.325102],
    [28.466944, 45.756958],
    [18.151302, 45.751446],
    [10.205736, 43.019334],
    [3.293034, 42.746564],
    [5.331397, 33.289852],
    [1.543903, 25.495469],
    [5.406467, 18.026155],
    [6.447015, 9.543051],
    [13.938221, 8.347258]
  ]
}
