{
  "area": 1020.281579,
  "vertices": [
    [28.907875, 48.972598],
    [14.333981, 42.778753],
    [16.338078, 35.554161],
    [7.310716, 9.229624],
    [21.627298, -2.267021],
    [40.755864, 9.314506]
  ]
}
