{
  "area": 859.218237,
  "vertices": [
    [19.426925, 2.157713],
    [28.590244, 2.161834],
    [37.777734, 10.287013],
    [37.849517, 20.481620],
    [30.711005, 30.779243],
    [31.634235, 40.823235],
    [22.485587, 45.849703],
    [15.359572, 39.820593],
    [15.256558, 29.751468],
    [9.152661, 19.456924],
    [10.240207, 9.265463]
  ]
}
