{
  "area": 983.481824,
  "vertices": [
    [20.439087, 0.155341],
    [29.594950, 1.163125],
    [37.758620, 8.264170],
    [39.846366, 18.449693],
    [33.770177, 28.722496],
    [32.649980, 38.816237],
    [26.532775, 46.848462],
    [16.393660, 44.833454],
    [16.331172, 34.806590],
    [12.176293, 25.633093],
    [8.162287, 16.408075],
    [11.268304, 6.237670]
  ]
}
