{
  "area": 1710.094963,
  "vertices": [
    [14.316941, 0.051210],
    [25.879331, 0.381173],
    [33.487417, 4.073218],
    [42.337458, 0.090236],
    [44.881520, 9.912495],
    [47.681222, 19.667310],
    [39.450376, 26.540342],
    [38.545028, 33.393059],
    [40.808436, 44.139270],
    [31.666439, 47.947680],
    [20.090338, 47.635726],
    [10.335317, 42.861492],
    [5.081083, 33.384952],
    [0.034035, 25.507491],
    [2.071047, 14.636322],
    [4.704662, 5.152359]
  ]
}
