{
  "area": 1846.134492,
  "vertices": [
    [13.324982, -2.380686],
    [28.555866, 2.691435],
    [45.744413, -1.221481],
    [50.212080, 14.980970],
    [37.093296, 27.825504],
    [42.386547, 45.984574],
    [25.935573, 50.179311],
    [7.693921, 43.045024],
    [1.468753, 26.667472],
    [1.866794, 10.148550]
  ]
}
