{
  "area": 1427.277310,
  "vertices": [
    [15.374203, 2.173388],
    [25.920859, 2.544229],
    [33.906050, 6.189571],
    [41.752634, 2.261556],
    [44.211307, 12.730550],
    [44.602447, 21.688357],
    [35.028385, 27.582602],
    [38.743149, 35.668300],
    [36.207829, 45.802965],
    [25.500001, 45.849257],
    [14.297548, 43.769861],
    [7.833521, 36.320555],
    [4.032199, 26.406725],
    [2.398800, 17.153754],
    [5.365935, 7.139346]
  ]
}
