{
  "area": 1213.401129,
  "vertices": [
    [11.291088, 2.219187],
    [22.026583, 4.774355],
    [33.623962, 6.166545],
    [42.803094, 13.594224],
    [45.849138, 24.159607],
    [43.775421, 36.310065],
    [36.685131, 45.775787],
    [25.717387, 43.849559],
    [15.286557, 37.709187],
    [11.035127, 26.453908],
    [11.184825, 15.422903],
    [2.198193, 8.527863]
  ]
}
