{
  "area": 1898.897784,
  "vertices": [
    [16.074245, 47.316135],
    [-1.368959, 35.119293],
    [2.780507, 4.283210],
    [4.035812, 1.916041],
    [43.945952, 0.768748],
    [45.574592, 4.116038],
    [45.509056, 42.481992]
  ]
}
