{
  "area": 1878.466362,
  "vertices": [
    [18.623167, 47.914450],
    [1.236592, 40.152232],
    [2.514186, 5.302483],
    [4.423964, 0.425715],
    [43.581845, 2.601138],
    [45.991457, 4.769638],
    [45.439810, 41.782555]
  ]
}
