{
  "area": 1579.982676,
  "vertices": [
    [28.880666, 45.920646],
    [2.822194, 39.072164],
    [4.568087, 6.200524],
    [5.361799, 5.209280],
    [5.371030, 3.890205],
    [42.629952, 3.819210],
    [42.639162, 5.138285],
    [46.926199, 30.473177],
    [46.920086, 31.792269],
    [46.913343, 33.111359],
    [46.906029, 34.430445],
    [46.898352, 35.749529]
  ]
}
