{
  "area": 886.971260,
  "vertices": [
    [17.276871, 1.756700],
    [25.543101, 8.420871],
    [29.140462, 19.465984],
    [38.179212, 16.142920],
    [40.300629, 26.726728],
    [41.054120, 39.516426],
    [32.122026, 46.183897],
    [22.423267, 41.557668],
    [13.078103, 38.756695],
    [15.792885, 28.435934],
    [7.875495, 21.529941],
    [10.008495, 10.679609]
  ]
}
