{
  "area": 1112.965077,
  "vertices": [
    [11.740607, 0.790440],
    [17.424737, 6.411291],
    [20.923327, 16.215819],
    [28.096147, 19.799983],
    [38.501525, 17.807479],
    [44.949128, 21.027351],
    [42.846909, 31.455592],
    [44.910633, 40.472853],
    [39.639213, 45.791241],
    [35.384326, 42.507395],
    [26.862259, 45.938828],
    [17.964445, 45.940061],
    [11.651934, 41.541524],
    [9.438154, 33.153210],
    [7.316000, 22.730618],
    [3.228255, 15.813017],
    [5.784920, 7.767147]
  ]
}
