{
  "area": 1452.958689,
  "vertices": [
    [13.144239, 44.350580],
    [-0.500564, 4.797443],
    [47.674006, 2.304967],
    [34.859832, 45.897283]
  ]
}
