{
  "area": 1008.425211,
  "vertices": [
    [14.384870, 2.169477],
    [22.529379, 2.151235],
    [30.702297, 7.214385],
    [34.824376, 15.368545],
    [33.837111, 24.594106],
    [38.792745, 32.691834],
    [45.779523, 39.710634],
    [42.731177, 45.762787],
    [33.689464, 40.794285],
    [25.628905, 32.825397],
    [17.413561, 34.839158],
    [9.242187, 31.736712],
    [2.153186, 23.547119],
    [2.164570, 15.400066],
    [5.236451, 7.269692]
  ]
}
