{
  "area": 1211.753485,
  "vertices": [
    [24.515327, 5.150336],
    [33.705397, 10.216606],
    [43.827119, 16.375529],
    [47.849910, 23.492082],
    [45.826310, 32.626576],
    [35.730854, 37.763071],
    [26.555660, 41.845546],
    [16.344225, 38.813423],
    [7.206043, 34.689971],
    [0.153835, 27.551672],
    [2.161380, 18.411477],
    [4.214025, 10.298213],
    [14.313030, 9.204124]
  ]
}
