{
  "area": 1310.746375,
  "vertices": [
    [9.547612, 6.333738],
    [14.088183, 6.670021],
    [17.172457, 5.472086],
    [21.564880, 3.111142],
    [51.957319, 23.046389],
    [51.957426, 24.831220],
    [30.527753, 43.685093],
    [-3.846495, 28.301919],
    [-3.850944, 22.947428]
  ]
}
