{
  "area": 1038.254353,
  "vertices": [
    [23.503401, 7.150017],
    [30.663128, 10.190340],
    [37.799213, 15.318418],
    [45.842714, 19.428956],
    [45.847955, 26.537777],
    [41.817626, 32.647015],
    [33.721775, 36.770769],
    [26.566223, 40.843678],
    [18.388559, 38.831784],
    [10.228097, 34.720383],
    [3.172103, 31.622408],
    [2.150142, 23.490028],
    [4.175382, 16.369145],
    [7.234409, 10.272050],
    [15.325163, 10.196797]
  ]
}
