{
  "area": 2070.766588,
  "vertices": [
    [29.962405, -12.929991],
    [54.368835, 8.568635],
    [34.682752, 42.456636],
    [-13.076773, 61.507382],
    [7.734148, 13.848680],
    [35.034838, -3.474059]
  ]
}
