{
  "area": 1925.786612,
  "vertices": [
    [29.843199, -11.835259],
    [53.492654, 9.996460],
    [32.590577, 42.287204],
    [-11.848900, 60.272306],
    [9.015459, 13.387426],
    [32.869361, -2.380449]
  ]
}
