{
  "area": 1122.655061,
  "vertices": [
    [29.019560, -1.086847],
    [36.722668, 4.146350],
    [45.447755, 2.118496],
    [45.522295, 11.865718],
    [47.793422, 22.554138],
    [40.446718, 31.937465],
    [30.100991, 36.881333],
    [21.040048, 34.084916],
    [11.084436, 43.919553],
    [-0.188642, 48.289361],
    [3.403252, 37.492154],
    [13.239378, 27.538001],
    [13.078709, 16.975030],
    [23.500559, 16.991218],
    [18.517539, 12.874670],
    [18.402988, 3.416100]
  ]
}
