{
  "area": 1470.352553,
  "vertices": [
    [10.002230, 41.691282],
    [-0.328028, 25.221624],
    [11.131781, 2.187440],
    [14.377690, 4.150976],
    [16.652428, 3.008391],
    [39.414947, 6.739632],
    [41.682217, 7.895196],
    [48.101349, 41.596912]
  ]
}
