{
  "area": 1491.335668,
  "vertices": [
    [22.355539, 49.945807],
    [4.737458, 33.430851],
    [8.771829, 15.574296],
    [0.455068, 1.241545],
    [46.494455, 0.612739],
    [38.293778, 15.432663],
    [41.055150, 39.779886]
  ]
}
