{
  "area": 1477.345878,
  "vertices": [
    [5.811544, 36.960268],
    [9.006473, 16.928579],
    [0.400965, 1.192589],
    [47.595747, 1.612444],
    [38.199497, 16.121647],
    [42.219308, 35.822747],
    [23.836360, 50.009850]
  ]
}
