{
  "area": 1255.674221,
  "vertices": [
    [22.624533, 47.868516],
    [5.726421, 32.763837],
    [10.018212, 18.035089],
    [9.907824, 16.735682],
    [2.515952, 3.295460],
    [23.733243, 3.608015],
    [45.493724, 3.483433],
    [37.033461, 17.060829],
    [41.158210, 36.442329]
  ]
}
