{
  "area": 1241.629700,
  "vertices": [
    [6.956423, -0.040507],
    [24.664707, 5.602066],
    [41.706636, 17.944276],
    [40.773047, 39.306962],
    [20.271933, 47.642912],
    [4.157717, 34.939494],
    [8.302172, 13.895455]
  ]
}
