{
  "area": 885.618880,
  "vertices": [
    [26.501691, 3.102702],
    [34.660172, 3.131828],
    [42.792258, 6.216987],
    [45.879451, 15.369325],
    [44.894981, 23.531233],
    [37.842770, 27.667984],
    [29.628080, 30.850651],
    [20.351999, 36.860684],
    [12.267617, 42.841031],
    [4.194295, 43.798852],
    [3.139959, 35.710951],
    [10.128103, 27.626829],
    [18.160317, 18.346887],
    [21.350372, 10.148189]
  ]
}
