{
  "area": 1102.074748,
  "vertices": [
    [-0.047677, 48.532614],
    [-2.774317, 46.314391],
    [17.621025, 16.440825],
    [19.404286, 13.521967],
    [21.905112, 5.425543],
    [21.915803, 3.603088],
    [39.406437, -1.145064],
    [41.215110, -1.100118],
    [50.281549, 22.119470]
  ]
}
