{
  "area": 1057.809048,
  "vertices": [
    [33.624836, 0.113511],
    [42.368174, 2.789555],
    [47.866049, 11.001457],
    [46.939012, 20.439198],
    [42.668421, 27.640204],
    [34.320953, 28.288788],
    [25.833605, 33.518179],
    [18.227718, 38.956180],
    [9.790143, 45.309246],
    [1.357919, 44.974098],
    [2.472077, 35.371455],
    [8.669479, 28.092235],
    [15.679897, 19.890525],
    [20.289686, 11.919577],
    [23.398958, 2.140612]
  ]
}
