{
  "area": 1637.841682,
  "vertices": [
    [39.812559, 45.340699],
    [11.320179, 48.952151],
    [3.884191, -0.221085],
    [38.524028, -0.803011],
    [40.359200, -0.791950],
    [42.194373, -0.780869],
    [43.896020, -0.449914]
  ]
}
