{
  "area": 1604.913052,
  "vertices": [
    [9.928003, 47.915686],
    [2.419379, 2.292027],
    [45.590850, 2.425914],
    [44.587450, 8.846695],
    [40.420523, 37.274795],
    [39.736411, 45.231730]
  ]
}
