{
  "area": 1391.708719,
  "vertices": [
    [35.756596, 47.603432],
    [34.462200, 47.610155],
    [33.167802, 47.616413],
    [15.046088, 47.617934],
    [13.751689, 47.611822],
    [12.457292, 47.605226],
    [5.841204, 0.784394],
    [44.217339, 4.286077]
  ]
}
