{
  "area": 1100.039020,
  "vertices": [
    [21.459826, 2.152313],
    [29.590546, 3.161915],
    [35.726412, 10.233096],
    [40.818173, 16.354171],
    [39.849863, 24.509787],
    [40.811680, 32.659234],
    [34.705998, 38.782957],
    [27.556532, 45.845404],
    [19.424854, 44.841838],
    [12.281995, 38.773813],
    [7.180918, 31.643828],
    [8.150234, 23.487217],
    [7.189400, 15.338669],
    [13.295439, 9.216002]
  ]
}
