{
  "area": 1310.213493,
  "vertices": [
    [37.738779, 41.130455],
    [17.631313, 44.451693],
    [-1.869442, 21.352933],
    [19.791005, 2.830086],
    [24.439411, 2.478949],
    [49.169944, 18.348450]
  ]
}
