{
  "area": 1095.805833,
  "vertices": [
    [19.411515, 6.161370],
    [30.621611, 6.171807],
    [40.803816, 14.326231],
    [45.849867, 24.509636],
    [39.788691, 34.697883],
    [28.585854, 41.839307],
    [17.371491, 40.825554],
    [7.189361, 32.661256],
    [2.150746, 22.477161],
    [8.209155, 13.305297]
  ]
}
