{
  "area": 1278.671559,
  "vertices": [
    [21.456328, 4.152735],
    [33.669353, 6.193700],
    [46.837071, 17.405750],
    [44.832848, 30.608224],
    [33.674129, 40.803610],
    [20.436844, 42.844255],
    [7.214816, 35.702904],
    [0.150547, 22.480441],
    [8.234998, 10.271365]
  ]
}
