{
  "area": 999.173571,
  "vertices": [
    [15.577554, 48.431333],
    [-3.209512, 30.048481],
    [6.073411, 30.621496],
    [15.458847, 30.633420],
    [24.726303, 25.901134],
    [30.678959, 19.052995],
    [34.071994, 11.107633],
    [34.119792, -1.001328],
    [48.776953, 12.519833],
    [42.186329, 40.783998]
  ]
}
