{
  "area": 1009.403630,
  "vertices": [
    [16.378853, 48.767393],
    [-3.209512, 30.048481],
    [15.872975, 30.503681],
    [25.066017, 25.586692],
    [30.350832, 19.382519],
    [34.071994, 11.107633],
    [33.761303, -0.731670],
    [48.756636, 11.586878],
    [42.517362, 40.451381]
  ]
}
