{
  "area": 797.616863,
  "vertices": [
    [35.319918, 43.359681],
    [6.758159, 42.073220],
    [2.216249, 28.395158],
    [4.461074, 29.534678],
    [8.952030, 30.680449],
    [14.565457, 30.691371],
    [19.053710, 29.541450],
    [21.301084, 28.363135],
    [24.746844, 25.924038],
    [27.178550, 23.545362],
    [30.733443, 19.039746],
    [33.010691, 13.433797],
    [35.242039, -0.039320],
    [47.872200, 21.523092]
  ]
}
