{
  "area": 1567.340680,
  "vertices": [
    [9.492614, 2.122444],
    [24.033184, 8.396396],
    [41.012217, 2.533282],
    [49.196465, 15.686009],
    [41.022876, 30.827037],
    [39.961916, 45.651440],
    [24.558637, 45.091277],
    [7.441263, 45.019114],
    [7.268843, 31.217067],
    [-1.221834, 15.580643]
  ]
}
