{
  "area": 1275.834637,
  "vertices": [
    [9.734377, 4.534872],
    [23.474153, 9.656337],
    [38.535092, 4.537185],
    [46.713155, 16.681441],
    [39.405691, 30.259867],
    [38.243858, 42.564334],
    [24.526617, 43.663919],
    [9.492115, 42.555073],
    [8.593325, 29.991550],
    [1.289070, 16.413092]
  ]
}
