{
  "area": 1505.653124,
  "vertices": [
    [10.293399, 3.217483],
    [20.307517, 6.049287],
    [28.177685, 5.562204],
    [38.389697, 3.219205],
    [46.801774, 8.996904],
    [47.848011, 19.774711],
    [40.836897, 26.922023],
    [41.773553, 36.273038],
    [39.105978, 44.379654],
    [29.686252, 42.742139],
    [19.373344, 42.794380],
    [9.951852, 44.435431],
    [6.221300, 35.935643],
    [7.739200, 27.174479],
    [0.303646, 19.613053],
    [1.499297, 9.022208]
  ]
}
