{
  "area": 1342.361858,
  "vertices": [
    [19.411405, 2.108176],
    [30.364726, 2.858762],
    [40.413287, 8.846341],
    [45.900839, 19.106319],
    [44.909965, 30.649985],
    [33.401761, 33.141915],
    [33.666371, 44.110352],
    [23.584796, 45.908709],
    [13.309268, 42.454004],
    [12.664966, 32.763217],
    [2.113023, 29.534618],
    [2.375506, 17.135506],
    [9.057867, 7.372773]
  ]
}
