{
  "area": 1359.137123,
  "vertices": [
    [36.471269, 43.406110],
    [15.107133, 49.078999],
    [-0.210484, 26.025607],
    [13.805498, 19.279154],
    [11.600016, 6.932618],
    [44.989958, -1.241751]
  ]
}
