{
  "area": 1326.017262,
  "vertices": [
    [20.434636, 3.099343],
    [29.005990, 3.103318],
    [36.725824, 8.161979],
    [39.955158, 15.409333],
    [41.079877, 23.265066],
    [44.856646, 29.543507],
    [42.488078, 36.713505],
    [40.193808, 42.801427],
    [31.236987, 44.877557],
    [23.892542, 41.891341],
    [15.323600, 44.868761],
    [7.777141, 42.354977],
    [3.982987, 35.529711],
    [3.701528, 28.975759],
    [5.504212, 21.822809],
    [8.164202, 15.244696],
    [12.294181, 7.147230]
  ]
}
