{
  "area": 1128.376855,
  "vertices": [
    [20.454317, 2.152994],
    [29.601077, 5.164913],
    [38.783440, 14.294666],
    [41.849299, 26.522140],
    [38.771991, 37.720275],
    [26.551407, 45.846204],
    [15.351829, 42.817089],
    [6.184292, 33.651091],
    [5.157771, 21.426655],
    [12.282302, 11.225942]
  ]
}
