{
  "area": 1177.209537,
  "vertices": [
    [37.133733, 43.545605],
    [10.024949, 43.557796],
    [8.892719, 42.430611],
    [7.771407, 42.420819],
    [7.761518, 41.301603],
    [6.631717, 40.171038],
    [6.593838, 15.282972],
    [7.722156, 14.146732],
    [8.853059, 13.011546],
    [9.986213, 11.878018],
    [11.121130, 10.746659],
    [10.008316, 9.638894],
    [8.885939, 9.649243],
    [7.774545, 8.540465],
    [7.783863, 7.422517],
    [12.325842, -0.408208],
    [13.449512, -0.413430],
    [42.814157, 19.822948]
  ]
}
