{
  "area": 1327.981002,
  "vertices": [
    [44.855228, 6.448137],
    [44.450282, 42.206348],
    [2.593088, 41.341878],
    [2.248843, 9.120810],
    [29.476780, 16.714611],
    [28.485583, 5.577601]
  ]
}
