{
  "area": 1336.290782,
  "vertices": [
    [40.321233, 0.332662],
    [39.319280, 38.847630],
    [35.690519, 42.459565],
    [35.655168, 43.728442],
    [12.341505, 43.471675],
    [9.403445, 39.570422],
    [4.594592, 5.362236],
    [4.603892, 4.082280]
  ]
}
