{
  "area": 840.135407,
  "vertices": [
    [11.324846, 50.157875],
    [-4.874213, 43.267736],
    [-2.575052, 40.581042],
    [-2.457012, 38.815952],
    [48.069317, -3.920965],
    [53.034810, 0.560103]
  ]
}
