{
  "area": 583.211959,
  "vertices": [
    [34.686516, 2.128935],
    [40.788871, 7.203697],
    [36.826111, 16.283149],
    [29.863524, 26.553841],
    [23.521601, 35.875229],
    [18.409229, 44.889136],
    [9.270696, 45.841137],
    [6.175397, 37.736621],
    [12.146067, 29.634897],
    [19.318031, 19.179903],
    [26.590129, 10.121083]
  ]
}
