{
  "area": 793.125425,
  "vertices": [
    [41.047894, 0.742062],
    [48.267345, 6.941237],
    [41.165672, 17.207959],
    [31.998400, 27.661325],
    [20.354239, 38.098238],
    [13.141871, 46.232069],
    [2.843191, 45.140661],
    [1.765846, 36.903258],
    [8.867563, 27.615548],
    [19.204906, 19.105519],
    [29.746954, 8.858200]
  ]
}
