{
  "area": 1635.312292,
  "vertices": [
    [17.034197, 45.954228],
    [3.368275, 39.677227],
    [2.142882, 38.991275],
    [1.971528, 4.504148],
    [45.218014, 4.709848],
    [44.999941, 39.343167]
  ]
}
