{
  "area": 1659.598709,
  "vertices": [
    [5.539727, 42.630595],
    [3.585448, 40.674932],
    [-0.222495, 17.729420],
    [0.552965, 16.664673],
    [0.531626, 5.075975],
    [44.702101, 3.329484],
    [44.480438, 40.660321],
    [41.231788, 42.835872]
  ]
}
