{
  "area": 1432.012206,
  "vertices": [
    [10.312494, 42.977402],
    [4.312681, 39.122362],
    [2.838974, 6.979852],
    [3.153277, 5.842756],
    [44.322091, 5.317060],
    [43.318702, 39.492102]
  ]
}
