{
  "area": 1048.803461,
  "vertices": [
    [15.428722, 2.157335],
    [23.902777, 4.154760],
    [27.660182, 11.503324],
    [29.537417, 20.056419],
    [31.008506, 28.766741],
    [39.946638, 29.566968],
    [42.815450, 36.548450],
    [36.901584, 41.743150],
    [30.018688, 44.812031],
    [21.138861, 45.849616],
    [11.996451, 45.455018],
    [11.241162, 38.728523],
    [5.390685, 31.846835],
    [5.157208, 22.641207],
    [5.222101, 14.172887],
    [8.650261, 6.868111]
  ]
}
