{
  "area": 2112.370553,
  "vertices": [
    [2.969589, 43.855988],
    [-2.710006, 2.563174],
    [37.336594, -2.836887],
    [48.089219, 15.869970],
    [43.246117, 49.802067]
  ]
}
