{
  "area": 1630.236035,
  "vertices": [
    [4.564995, 44.270085],
    [0.121543, 4.270681],
    [41.427682, 4.386946],
    [45.225955, 34.277208],
    [43.558209, 43.428760]
  ]
}
