{
  "area": 1944.997118,
  "vertices": [
    [44.328895, 46.846162],
    [3.866355, 45.562562],
    [-1.371564, 2.531062],
    [41.080363, 2.443674],
    [47.412809, 5.792137]
  ]
}
