{
  "area": 1464.158974,
  "vertices": [
    [8.288551, 2.221092],
    [24.424854, 5.150133],
    [40.561122, 2.226321],
    [44.829480, 15.521548],
    [44.525722, 31.935031],
    [31.779211, 44.668141],
    [15.911048, 43.365485],
    [3.749037, 32.212522],
    [3.168551, 15.912037]
  ]
}
