{
  "area": 1297.194989,
  "vertices": [
    [22.467628, 3.151500],
    [33.163152, 4.692833],
    [41.801735, 11.940446],
    [45.849933, 22.278480],
    [44.801112, 34.438317],
    [34.149427, 36.789173],
    [30.269047, 43.837039],
    [19.088800, 43.511382],
    [17.510391, 35.813421],
    [7.014448, 36.725097],
    [2.158449, 27.179576],
    [3.430752, 15.124749],
    [11.475327, 7.031799]
  ]
}
