{
  "area": 1055.498123,
  "vertices": [
    [6.101117, 0.490208],
    [33.521891, 9.445576],
    [33.544862, 11.707968],
    [37.016894, 15.162736],
    [40.446170, 17.492036],
    [41.576463, 17.502642],
    [41.474884, 43.849537],
    [16.294836, 43.899999],
    [10.550657, 11.788319],
    [9.426912, 10.661897],
    [6.037608, 9.553980]
  ]
}
