{
  "area": 1136.956415,
  "vertices": [
    [31.610380, 2.167861],
    [43.738547, 3.243884],
    [45.824349, 15.368478],
    [39.845652, 26.554995],
    [29.618238, 38.829423],
    [16.374709, 44.826806],
    [4.256154, 44.751076],
    [3.175485, 32.631110],
    [9.159808, 20.417724],
    [21.428712, 10.157337]
  ]
}
