{
  "area": 1611.246603,
  "vertices": [
    [49.363579, 36.281934],
    [44.168271, 37.727706],
    [41.384468, 40.030165],
    [42.387850, 45.390276],
    [4.545997, 46.564486],
    [5.611671, 41.229936],
    [4.547320, 37.801961],
    [-2.134595, 36.038231],
    [16.735556, -1.202193],
    [31.247547, -1.248832]
  ]
}
