{
  "area": 1364.447818,
  "vertices": [
    [40.376867, 14.054965],
    [45.292559, 36.727890],
    [42.618408, 36.747317],
    [40.731113, 38.638412],
    [41.441279, 43.377684],
    [6.572960, 44.557201],
    [7.162530, 38.526872],
    [5.228693, 36.746491],
    [0.351205, 35.591951],
    [16.565923, 0.865621],
    [24.080044, -0.384929]
  ]
}
