{
  "area": 1585.720062,
  "vertices": [
    [31.213854, -1.125184],
    [49.247353, 36.234599],
    [42.878860, 38.263552],
    [41.643533, 40.305870],
    [42.299998, 45.781599],
    [4.627301, 45.509998],
    [5.698583, 41.640210],
    [5.650430, 38.769700],
    [4.635269, 37.747701],
    [-2.013964, 36.472167],
    [16.426450, -0.741238]
  ]
}
