{
  "area": 1479.350115,
  "vertices": [
    [38.883864, -0.165469],
    [38.496390, 48.177094],
    [8.298161, 48.027139],
    [6.280764, 2.203157]
  ]
}
