{
  "area": 1301.422613,
  "vertices": [
    [38.407308, 46.090219],
    [8.722327, 46.219112],
    [9.455746, 1.051665],
    [36.187582, 0.939479],
    [37.404616, 0.946814]
  ]
}
