{
  "area": 1530.326000,
  "vertices": [
    [38.277774, 49.488044],
    [5.769603, 44.677459],
    [9.090067, -0.852553],
    [38.878734, -0.891086],
    [40.144623, -0.719923]
  ]
}
