{
  "area": 2030.733393,
  "vertices": [
    [-0.774579, 45.012392],
    [-0.782864, 43.535579],
    [-0.778831, 3.661383],
    [45.212817, 0.274066],
    [47.732763, 44.777060]
  ]
}
