{
  "area": 2011.319237,
  "vertices": [
    [47.615909, 45.167111],
    [2.233472, 46.569782],
    [2.488488, 0.389417],
    [4.448126, 0.378080],
    [45.575842, 0.450160]
  ]
}
