{
  "area": 1749.375503,
  "vertices": [
    [4.709867, 1.581737],
    [46.418263, 4.709867],
    [43.290133, 46.418263],
    [1.581737, 43.290133]
  ]
}
