{
  "area": 1399.545649,
  "vertices": [
    [30.052951, 45.340857],
    [28.807527, 45.345420],
    [27.562100, 45.348975],
    [5.414125, 37.119819],
    [3.367640, 6.617918],
    [4.247148, 5.736121],
    [42.502683, 5.585331],
    [46.326347, 30.896262]
  ]
}
