{
  "area": 1126.402260,
  "vertices": [
    [0.562253, 23.542382],
    [4.043297, 16.495193],
    [39.259825, -1.079751],
    [40.428500, -1.072702],
    [41.585905, 49.302455]
  ]
}
