{
  "area": 1342.041837,
  "vertices": [
    [-0.806040, 25.265768],
    [25.941501, 1.170227],
    [43.529034, -1.297704],
    [43.524371, 49.433882],
    [42.158632, 50.431879]
  ]
}
