{
  "area": 1314.986185,
  "vertices": [
    [-0.608920, 25.253291],
    [24.526196, 2.133658],
    [43.427266, -1.131102],
    [43.863678, 49.255980],
    [42.692088, 49.628255]
  ]
}
