{
  "area": 1271.963373,
  "vertices": [
    [21.448600, 5.479740],
    [32.743722, 7.036487],
    [50.740577, 31.013393],
    [33.937798, 44.026046],
    [28.253701, 40.406090],
    [3.146939, 40.614117],
    [-2.914537, 28.278702]
  ]
}
