{
  "area": 1056.317964,
  "vertices": [
    [-0.142309, 28.749787],
    [25.618110, 4.073052],
    [43.609981, 20.888571],
    [43.553688, 39.962287],
    [19.954965, 38.998607],
    [11.026232, 43.347634]
  ]
}
