{
  "area": 1209.612628,
  "vertices": [
    [25.513234, 4.150250],
    [31.847197, 9.177211],
    [39.469440, 13.976786],
    [44.178712, 21.414870],
    [47.846276, 29.693188],
    [44.976677, 37.498730],
    [36.982604, 42.780417],
    [28.923734, 39.146464],
    [18.893301, 40.296857],
    [10.365441, 42.764154],
    [2.144010, 36.646026],
    [0.151363, 28.457595],
    [5.647149, 21.412829],
    [11.226092, 15.603356],
    [17.983621, 9.174064]
  ]
}
