{
  "area": 1104.992652,
  "vertices": [
    [38.076614, 44.522312],
    [8.929584, 43.413792],
    [7.806990, 42.293602],
    [8.894092, 11.980259],
    [17.902985, 3.050592],
    [19.026601, 1.943567],
    [19.029662, 0.840513],
    [20.148907, 0.837929],
    [38.131910, 13.096366]
  ]
}
