{
  "area": 1197.218362,
  "vertices": [
    [23.497472, 2.150009],
    [35.680569, 4.200175],
    [42.824202, 16.368117],
    [39.831702, 29.611686],
    [31.637661, 42.821791],
    [19.433070, 45.843541],
    [6.231411, 38.724411],
    [4.150846, 25.524325],
    [11.247464, 12.257666]
  ]
}
