{
  "area": 1312.855868,
  "vertices": [
    [8.916584, 39.166615],
    [6.684474, 36.930911],
    [3.365229, 35.794846],
    [3.377331, 9.037720],
    [7.823346, 5.680668],
    [43.497083, 6.812733],
    [43.518299, 36.913488],
    [41.309951, 36.931413],
    [36.849722, 40.292495]
  ]
}
