{
  "area": 1272.767828,
  "vertices": [
    [21.431084, 4.949562],
    [33.775746, 9.036526],
    [45.044411, 19.341520],
    [46.046145, 33.704039],
    [33.767195, 42.979049],
    [20.393846, 43.016589],
    [6.041481, 38.841462],
    [1.931500, 25.500856],
    [8.082394, 11.123680]
  ]
}
