{
  "area": 1487.840779,
  "vertices": [
    [19.419276, 0.097674],
    [28.397977, 5.921898],
    [37.029601, 3.151208],
    [44.840529, 9.709870],
    [41.194800, 18.703702],
    [47.905371, 27.320713],
    [41.917428, 35.641545],
    [36.732410, 41.706282],
    [27.986905, 47.905695],
    [19.468631, 40.953355],
    [10.375214, 44.844982],
    [3.151705, 37.112665],
    [7.686212, 29.181581],
    [0.956635, 22.337842],
    [4.464294, 13.309035],
    [11.464641, 6.971600]
  ]
}
