{
  "area": 1525.212102,
  "vertices": [
    [3.375807, 41.378297],
    [6.575684, 29.542381],
    [-0.607007, 22.237842],
    [17.347220, -0.838246],
    [30.123456, 5.868416],
    [43.036592, 4.012139],
    [42.340461, 18.359008],
    [49.428922, 25.566033],
    [26.659491, 48.459992]
  ]
}
