{
  "area": 1225.041070,
  "vertices": [
    [20.408201, 1.936093],
    [30.688084, 5.993620],
    [41.939626, 8.110617],
    [39.988148, 18.326786],
    [46.061002, 28.617419],
    [35.854339, 36.885152],
    [27.591799, 46.063907],
    [17.311916, 42.006380],
    [6.060374, 39.889383],
    [8.011852, 29.673214],
    [1.938998, 19.382581],
    [12.145661, 11.114848]
  ]
}
