{
  "area": 1543.836292,
  "vertices": [
    [24.138375, 49.956351],
    [-1.626335, 37.621907],
    [9.841927, 15.346901],
    [13.019174, -2.084987],
    [25.692359, 6.458102],
    [33.866086, -2.492999],
    [38.450923, 15.624241],
    [49.385401, 37.622227]
  ]
}
