{
  "area": 1325.914218,
  "vertices": [
    [15.386431, 2.168938],
    [22.701366, 5.369128],
    [30.694587, 2.163354],
    [36.690368, 6.610171],
    [35.770861, 16.736397],
    [40.845616, 23.884067],
    [45.840575, 31.788040],
    [45.809656, 38.184289],
    [38.527533, 41.967146],
    [30.883896, 45.828196],
    [20.342127, 45.844596],
    [11.949583, 43.788646],
    [3.717038, 40.203097],
    [3.454159, 33.902130],
    [5.292924, 26.352924],
    [9.626702, 18.899076],
    [11.290745, 9.849453]
  ]
}
