{
  "area": 1754.534437,
  "vertices": [
    [26.587930, 51.797175],
    [-3.059938, 38.462838],
    [-1.903724, 36.508329],
    [8.294067, 14.868104],
    [8.914942, 7.804101],
    [13.795990, -4.824331],
    [23.412121, 7.091450],
    [34.657857, -4.821951],
    [39.169458, 13.088271],
    [50.679737, 36.534616]
  ]
}
