{
  "area": 1264.077184,
  "vertices": [
    [9.016796, 4.920876],
    [19.324633, 5.868687],
    [30.749073, 6.900444],
    [41.038947, 5.959681],
    [42.138820, 16.262904],
    [46.226330, 26.619753],
    [39.012179, 36.980469],
    [28.660167, 42.170704],
    [17.259911, 41.140272],
    [6.925888, 35.934109],
    [1.767219, 24.552053],
    [5.871621, 14.197241]
  ]
}
