{
  "area": 1268.473523,
  "vertices": [
    [0.433915, 43.623593],
    [0.426335, 42.331829],
    [13.064516, 12.659162],
    [42.908261, 0.429718],
    [44.200024, 0.437293],
    [43.473909, 32.117572],
    [40.060416, 33.241158],
    [34.526918, 38.586710],
    [32.214411, 44.091506]
  ]
}
