{
  "area": 1531.730319,
  "vertices": [
    [-1.816423, 47.025525],
    [9.493272, 14.635575],
    [10.811991, 13.309112],
    [43.679842, -2.251777],
    [45.550250, -2.241763],
    [45.524960, 33.330971],
    [43.654568, 33.343582],
    [40.622864, 35.053790],
    [35.585365, 40.451484],
    [33.667579, 45.272244]
  ]
}
