{
  "area": 1520.618512,
  "vertices": [
    [45.459162, -2.115707],
    [45.785155, 33.021109],
    [43.171342, 33.464126],
    [40.881874, 34.679305],
    [35.949386, 39.621067],
    [33.299425, 45.508907],
    [33.078448, 46.815571],
    [-2.128646, 45.243138],
    [12.194430, 12.046446],
    [13.182580, 11.059739]
  ]
}
