{
  "area": 1513.884155,
  "vertices": [
    [19.430243, 2.157022],
    [34.668287, 5.193195],
    [45.821884, 15.308906],
    [45.832527, 31.788122],
    [37.154340, 43.788555],
    [20.330120, 45.844846],
    [6.029327, 40.523234],
    [2.150402, 25.625472],
    [5.145081, 10.364698]
  ]
}
