{
  "area": 2074.374160,
  "vertices": [
    [46.627854, -1.293919],
    [46.092302, 38.401392],
    [46.081589, 40.048685],
    [46.070839, 41.695977],
    [44.994649, 42.898709],
    [44.505536, 44.346131],
    [43.340557, 45.510824],
    [5.064299, 45.924854],
    [3.899093, 44.760388],
    [2.998847, 43.484788],
    [2.987879, 41.837497],
    [1.912037, 40.634313],
    [1.901380, 38.987020],
    [1.833489, 37.363571],
    [1.564360, -0.888025]
  ]
}
