{
  "area": 2076.308287,
  "vertices": [
    [3.191165, -1.118544],
    [14.134782, 1.686865],
    [34.280521, 2.107319],
    [45.378211, -1.116272],
    [48.995658, 16.847708],
    [46.410876, 36.861711],
    [34.918895, 49.090939],
    [13.109692, 49.090305],
    [1.606498, 36.887160],
    [-0.281915, 17.182077]
  ]
}
