{
  "area": 1691.354595,
  "vertices": [
    [5.042842, 1.947551],
    [12.081285, 8.006254],
    [20.754382, 2.882575],
    [31.705638, 3.902515],
    [37.868462, 4.514456],
    [46.028302, 4.370484],
    [45.079129, 15.317944],
    [46.122350, 26.264968],
    [44.048270, 36.789854],
    [37.893794, 45.037458],
    [26.950816, 46.108987],
    [15.585559, 46.087482],
    [5.947895, 41.875584],
    [1.897587, 32.756226],
    [1.881164, 21.390958],
    [2.951366, 10.444026]
  ]
}
