{
  "area": 1066.414335,
  "vertices": [
    [26.804184, 42.817221],
    [0.166323, 42.822363],
    [4.493678, 32.200772],
    [4.229451, 30.999325],
    [3.311752, 30.068222],
    [2.394397, 29.136780],
    [1.477201, 28.205181],
    [10.393836, 19.622001],
    [36.819837, 1.198147],
    [47.856262, 5.715032],
    [47.864340, 7.022341]
  ]
}
