{
  "area": 1332.251141,
  "vertices": [
    [21.711121, 49.767036],
    [-1.724517, 44.568255],
    [3.915118, 21.973469],
    [40.997989, -1.805608],
    [49.773596, 8.524780]
  ]
}
