{
  "area": 1296.203285,
  "vertices": [
    [39.690687, 0.206507],
    [47.767890, 4.479980],
    [45.925860, 14.242496],
    [42.112514, 23.210149],
    [36.157680, 31.316794],
    [28.616362, 38.145448],
    [24.977116, 46.849458],
    [16.460515, 43.912377],
    [7.598035, 47.786655],
    [0.234087, 44.802639],
    [1.874631, 34.958018],
    [1.154006, 28.024004],
    [6.882222, 21.435861],
    [14.255642, 15.249442],
    [22.053304, 8.559952],
    [30.739954, 4.039452]
  ]
}
