{
  "area": 1269.495865,
  "vertices": [
    [14.375594, 2.101968],
    [22.782797, 4.367666],
    [23.703958, 13.949359],
    [24.264796, 20.141716],
    [34.940332, 20.302662],
    [42.972208, 17.425382],
    [45.907946, 26.316713],
    [45.160976, 35.357551],
    [38.758840, 42.814038],
    [30.661639, 45.863545],
    [19.984937, 45.892061],
    [11.060873, 44.834240],
    [4.149769, 38.056499],
    [3.102898, 29.130952],
    [7.149200, 20.103993],
    [2.328814, 15.284129],
    [6.625018, 7.794460]
  ]
}
