{
  "area": 1651.609514,
  "vertices": [
    [39.796722, 45.929362],
    [5.764513, 45.409395],
    [-1.159798, 12.442420],
    [12.784303, -1.714428],
    [49.560245, 22.504294],
    [49.567260, 26.602871]
  ]
}
