{
  "area": 1474.598539,
  "vertices": [
    [21.453999, 2.096367],
    [33.769680, 6.145183],
    [45.214991, 13.664251],
    [45.898810, 28.529780],
    [40.235223, 41.341888],
    [26.546273, 44.898171],
    [12.991301, 43.852372],
    [2.916280, 34.459501],
    [2.103728, 19.650076],
    [8.639911, 7.785772]
  ]
}
