{
  "area": 1477.053081,
  "vertices": [
    [24.520497, 0.409107],
    [36.583099, 7.171899],
    [46.542012, 17.134560],
    [46.931028, 30.424248],
    [37.011307, 40.405129],
    [23.776317, 46.861703],
    [11.411310, 40.831164],
    [1.453143, 30.867732],
    [1.450291, 17.737789],
    [10.984214, 7.597074]
  ]
}
