{
  "area": 1433.357052,
  "vertices": [
    [24.515143, 0.694090],
    [36.972142, 7.912810],
    [46.270283, 17.268120],
    [46.269828, 30.735433],
    [36.971241, 40.089966],
    [23.478862, 46.287898],
    [11.023931, 40.088599],
    [1.726833, 30.734741],
    [1.726384, 17.268804],
    [11.023032, 7.914184]
  ]
}
