{
  "area": 668.685842,
  "vertices": [
    [5.211345, 13.302065],
    [13.290070, 13.219948],
    [20.431180, 17.156833],
    [24.713891, 21.222961],
    [31.750759, 15.255828],
    [39.835100, 19.398966],
    [42.849790, 25.512128],
    [45.836583, 31.595978],
    [38.809662, 33.663123],
    [30.744984, 33.749966],
    [22.521591, 33.849333],
    [14.239790, 31.734074],
    [6.195075, 33.671816],
    [2.156198, 28.565577],
    [2.158198, 20.424692]
  ]
}
