{
  "area": 1239.339814,
  "vertices": [
    [22.430529, 2.539994],
    [42.331899, 11.977925],
    [45.452576, 31.870113],
    [25.574454, 44.458972],
    [5.671475, 35.021621],
    [2.550910, 15.127998]
  ]
}
