{
  "area": 1353.747519,
  "vertices": [
    [19.436558, 2.155798],
    [32.423483, 3.966533],
    [40.795555, 14.307159],
    [45.849874, 24.798772],
    [44.127427, 38.693140],
    [29.988085, 38.817625],
    [18.632249, 44.618811],
    [4.576614, 44.750582],
    [2.248448, 31.600680],
    [7.151245, 23.858019],
    [8.338866, 10.166280]
  ]
}
