{
  "area": 1562.072527,
  "vertices": [
    [9.675273, 0.319950],
    [21.901738, 3.961978],
    [31.846096, 1.323882],
    [44.280472, 2.461363],
    [48.901850, 14.097224],
    [42.691102, 24.672417],
    [37.297693, 30.026854],
    [44.633499, 40.728741],
    [36.826546, 46.536420],
    [27.047266, 36.886967],
    [16.923925, 40.823160],
    [6.555276, 46.913423],
    [4.960668, 35.780934],
    [12.860919, 26.022379],
    [1.353264, 20.662575],
    [-0.217530, 8.137753]
  ]
}
