{
  "area": 1602.756960,
  "vertices": [
    [40.767378, 47.776984],
    [23.466373, 34.488907],
    [6.470989, 47.037117],
    [0.545927, 6.135626],
    [5.729840, 1.989071],
    [46.107924, 3.747409],
    [47.731495, 5.377526]
  ]
}
