{
  "area": 1340.329146,
  "vertices": [
    [9.881466, 2.669079],
    [19.907845, 4.259926],
    [29.039531, 3.641602],
    [39.273826, 2.788190],
    [46.472285, 10.846652],
    [45.002496, 20.932241],
    [34.892491, 26.011812],
    [40.844377, 33.621810],
    [40.849948, 44.448231],
    [32.150894, 41.690270],
    [23.115659, 34.566562],
    [15.478683, 42.062131],
    [5.744618, 43.187309],
    [6.927311, 33.856616],
    [12.025085, 25.737677],
    [3.232859, 21.168141],
    [1.538427, 9.648866]
  ]
}
