{
  "area": 1284.106964,
  "vertices": [
    [19.449449, 2.153670],
    [27.568922, 4.553304],
    [33.330080, 13.219541],
    [39.814066, 18.731943],
    [41.246473, 28.530127],
    [43.816990, 36.671784],
    [39.655058, 45.762482],
    [29.499498, 45.831268],
    [22.221181, 41.107434],
    [15.187439, 45.822901],
    [4.495610, 43.989968],
    [3.171991, 34.359515],
    [7.151144, 25.754427],
    [7.208507, 16.419441],
    [11.260290, 7.199568]
  ]
}
