{
  "area": 1150.980049,
  "vertices": [
    [10.308594, 7.206975],
    [19.882636, 8.583750],
    [24.592680, 16.766460],
    [31.705942, 20.440815],
    [33.805311, 11.228739],
    [42.711140, 10.291951],
    [45.833641, 17.966066],
    [44.848198, 27.713050],
    [40.421414, 36.057044],
    [32.215272, 40.793292],
    [22.058185, 40.849792],
    [12.313749, 39.800562],
    [2.995037, 39.708644],
    [3.170021, 32.161662],
    [2.153917, 22.416829],
    [2.947153, 12.567556]
  ]
}
