{
  "area": 1263.956533,
  "vertices": [
    [16.588795, 46.921946],
    [17.663813, 41.465945],
    [9.829677, 28.178447],
    [8.729387, 27.059905],
    [7.637443, 27.053567],
    [1.098928, 13.751318],
    [30.982835, 1.504077],
    [32.091847, 1.509199],
    [42.065832, 5.968090],
    [42.085374, 8.169651],
    [43.192812, 9.282078],
    [44.272380, 35.901511]
  ]
}
