{
  "area": 1293.656632,
  "vertices": [
    [12.335806, 2.190904],
    [20.681673, 4.397505],
    [23.716852, 12.381785],
    [32.667635, 13.218835],
    [41.295400, 14.817969],
    [45.846707, 21.631453],
    [43.839551, 29.485240],
    [45.797655, 37.929369],
    [43.721903, 45.757489],
    [37.507889, 39.985530],
    [30.636907, 45.799288],
    [21.990641, 45.319780],
    [14.339868, 43.826143],
    [12.717171, 35.211214],
    [7.163145, 29.394469],
    [4.507229, 21.804975],
    [2.183970, 14.100968],
    [4.240456, 6.501012]
  ]
}
