{
  "area": 1337.514076,
  "vertices": [
    [35.773352, 44.895627],
    [7.738410, 39.482603],
    [7.633719, 27.001224],
    [0.270074, 9.084363],
    [4.601241, 6.622743],
    [44.698245, 6.837912],
    [48.795504, 9.854313]
  ]
}
