{
  "area": 1098.395638,
  "vertices": [
    [44.876188, 21.575978],
    [40.265841, 23.871202],
    [39.407943, 24.749474],
    [39.327185, 25.946622],
    [39.217291, 38.223546],
    [39.206706, 39.451243],
    [8.784040, 38.374063],
    [8.667345, 24.869416],
    [1.053457, 10.080527],
    [3.081837, 9.048210],
    [5.068050, 7.913423],
    [6.037708, 7.289068],
    [42.781432, 7.912238]
  ]
}
