{
  "area": 1297.252556,
  "vertices": [
    [13.314819, 5.203002],
    [23.018700, 5.150802],
    [32.722640, 5.186993],
    [41.343533, 7.850497],
    [47.825721, 13.133774],
    [44.760472, 21.574161],
    [38.838984, 26.233282],
    [38.757894, 35.936978],
    [34.686080, 42.810345],
    [24.982132, 42.849549],
    [15.278152, 42.821248],
    [9.257561, 37.900573],
    [9.173417, 28.196898],
    [4.615654, 22.974776],
    [0.165563, 15.097224],
    [4.974717, 8.536421]
  ]
}
