{
  "area": 1021.619302,
  "vertices": [
    [16.386161, 2.169031],
    [21.453506, 5.153102],
    [26.553647, 8.154136],
    [32.714675, 13.223568],
    [36.834019, 20.395447],
    [40.839641, 28.584521],
    [42.799995, 35.680286],
    [45.767592, 42.725598],
    [38.697931, 45.788658],
    [30.612251, 43.831511],
    [22.462154, 38.847948],
    [15.246117, 32.740922],
    [7.150006, 24.502070],
    [2.171426, 16.379422],
    [8.255433, 8.249626]
  ]
}
