{
  "area": 1122.022190,
  "vertices": [
    [16.399122, 0.164853],
    [22.474988, 8.150895],
    [31.674836, 10.196796],
    [36.836654, 20.404269],
    [40.833707, 29.605544],
    [47.800060, 38.680178],
    [42.725915, 46.767324],
    [32.640021, 44.820771],
    [21.448756, 38.846228],
    [11.179682, 29.641054],
    [0.160044, 18.416755],
    [5.235192, 8.271141]
  ]
}
