{
  "area": 1190.991487,
  "vertices": [
    [27.909516, 45.364937],
    [-2.986639, 12.767669],
    [18.597724, -1.949397],
    [26.746263, 4.858587],
    [50.186637, 46.071622]
  ]
}
