{
  "area": 1486.310477,
  "vertices": [
    [45.216018, 44.821852],
    [6.518522, 43.363931],
    [2.681495, 25.991094],
    [16.478620, 5.552913],
    [39.369436, 1.186357],
    [43.183053, 3.580823]
  ]
}
