{
  "area": 1475.662113,
  "vertices": [
    [4.870083, 2.863100],
    [12.787987, 3.833428],
    [21.139245, 3.785360],
    [29.071956, 4.811467],
    [37.424206, 2.818210],
    [46.183709, 3.903762],
    [44.196941, 12.244262],
    [44.237436, 21.432115],
    [45.207209, 28.753982],
    [40.062843, 37.145513],
    [33.580852, 42.450820],
    [25.133477, 44.273645],
    [16.619125, 42.617448],
    [9.502457, 37.582828],
    [4.466005, 30.464170],
    [1.704175, 22.406068],
    [5.314731, 14.696753],
    [3.787006, 10.061820]
  ]
}
