{
  "area": 1557.394028,
  "vertices": [
    [4.614471, -0.128703],
    [16.825643, 5.226910],
    [17.786130, 6.261947],
    [18.811215, 5.554820],
    [42.038769, 9.341320],
    [46.306459, 35.955924],
    [47.317967, 36.977449],
    [48.083450, 38.099219],
    [48.075347, 39.536784],
    [48.066996, 40.974348],
    [48.058483, 42.411911],
    [1.239427, 43.334349]
  ]
}
