{
  "area": 1531.238697,
  "vertices": [
    [-0.324615, 23.372490],
    [-0.322986, 21.958934],
    [13.261069, 7.631869],
    [18.837674, 7.397476],
    [19.776547, 6.376607],
    [19.784945, 4.963075],
    [40.659721, -0.112815],
    [43.486785, -0.096016],
    [43.593177, 35.708058],
    [42.253692, 37.864990],
    [47.759352, 43.407095],
    [10.565168, 44.623909]
  ]
}
