{
  "area": 1353.168129,
  "vertices": [
    [23.498815, 1.657293],
    [42.925505, 12.051869],
    [43.947764, 35.222308],
    [23.499677, 46.340542],
    [4.073746, 35.944400],
    [3.050806, 12.775250]
  ]
}
