{
  "area": 1592.097446,
  "vertices": [
    [23.484280, -0.265554],
    [45.586182, 11.524218],
    [46.191100, 35.695686],
    [24.516521, 48.269035],
    [2.413662, 36.479454],
    [1.808518, 12.307106]
  ]
}
