{
  "area": 1552.618089,
  "vertices": [
    [23.489157, -0.028052],
    [33.775400, 5.090410],
    [45.036016, 11.305533],
    [45.006893, 23.489676],
    [45.978370, 34.620733],
    [35.818555, 41.965844],
    [24.511253, 48.029538],
    [14.224933, 42.910225],
    [2.963483, 36.696105],
    [2.993922, 24.511593],
    [2.020894, 13.380071],
    [12.182008, 6.037708]
  ]
}
