{
  "area": 1772.709613,
  "vertices": [
    [26.541145, -0.155983],
    [36.250377, 3.375348],
    [45.127248, 12.243320],
    [48.133699, 22.168796],
    [48.110708, 33.886947],
    [43.182099, 41.954149],
    [32.747978, 47.107555],
    [23.311980, 47.269496],
    [12.609569, 44.488916],
    [4.724527, 36.600757],
    [0.852395, 25.638490],
    [1.548945, 15.596771],
    [0.919127, 7.313506],
    [9.117712, 3.993356],
    [16.494364, 5.949950]
  ]
}
