{
  "area": 1833.194711,
  "vertices": [
    [2.706290, 0.653893],
    [8.581697, 6.337914],
    [12.170600, 6.946520],
    [26.714262, -2.916011],
    [50.702784, 20.340225],
    [49.579469, 28.140647],
    [50.675253, 35.942172],
    [28.896002, 47.475280],
    [23.577446, 49.620015],
    [-1.090773, 33.192982]
  ]
}
