{
  "area": 1481.483751,
  "vertices": [
    [24.499351, 2.150001],
    [34.879395, 4.408730],
    [43.760869, 13.281292],
    [45.849866, 24.988145],
    [45.804581, 36.723648],
    [36.715662, 43.767631],
    [25.439164, 44.926030],
    [15.054603, 44.521220],
    [5.876047, 36.358181],
    [2.150197, 25.328338],
    [5.004836, 14.523243],
    [5.631680, 5.873515],
    [14.685205, 8.833043]
  ]
}
