{
  "area": 1279.504947,
  "vertices": [
    [24.405890, 49.900673],
    [3.403904, 34.883215],
    [12.085984, 20.031047],
    [12.118085, 16.684959],
    [16.676775, -1.952928],
    [32.924749, 4.258900],
    [39.486091, 4.621917],
    [44.352198, 29.600486]
  ]
}
