{
  "area": 1291.412860,
  "vertices": [
    [21.336218, 49.391052],
    [3.137594, 32.888195],
    [10.817503, 22.066993],
    [11.931521, 19.980720],
    [11.968586, 16.173108],
    [16.575080, -2.255945],
    [33.009812, 4.027284],
    [34.146563, 4.355407],
    [40.492725, 4.400762],
    [40.733598, 39.517138]
  ]
}
