{
  "area": 1072.929641,
  "vertices": [
    [18.395641, 2.165920],
    [25.502540, 2.150009],
    [31.619841, 7.171156],
    [38.723151, 8.230364],
    [40.801824, 15.322793],
    [40.847282, 22.456469],
    [40.824698, 30.630657],
    [37.738102, 37.756529],
    [29.570917, 44.842740],
    [22.453294, 45.846870],
    [15.317462, 40.798630],
    [8.231638, 38.724681],
    [7.168822, 30.613230],
    [12.150857, 23.475526],
    [14.229484, 15.277917],
    [14.302831, 8.210821]
  ]
}
