{
  "area": 1138.410634,
  "vertices": [
    [20.402287, 3.957950],
    [30.682657, 4.982497],
    [38.941476, 14.213321],
    [46.068434, 23.489007],
    [39.980362, 30.704052],
    [33.770710, 40.972580],
    [22.458004, 44.048310],
    [12.166118, 38.923427],
    [5.994143, 30.690324],
    [1.935879, 20.410376],
    [10.095071, 12.157587]
  ]
}
