{
  "area": 1728.887108,
  "vertices": [
    [11.830786, -0.838647],
    [21.477460, 4.835323],
    [32.849212, 0.288287],
    [43.103429, 6.156897],
    [44.834957, 19.569626],
    [48.923720, 36.511604],
    [37.635903, 48.697073],
    [26.981775, 39.852456],
    [13.583133, 47.872077],
    [0.666102, 39.000015],
    [7.709801, 23.029659],
    [1.603455, 4.977031]
  ]
}
