{
  "area": 739.563165,
  "vertices": [
    [8.317856, 0.201129],
    [16.421678, 2.158876],
    [23.583211, 8.160035],
    [25.802496, 17.323942],
    [32.821239, 25.638943],
    [39.787325, 33.699861],
    [46.766011, 42.727460],
    [41.713517, 47.777328],
    [33.682277, 41.798789],
    [25.630956, 32.824578],
    [17.290506, 24.780379],
    [9.156373, 22.566487],
    [2.161940, 15.409362],
    [1.209627, 7.304595]
  ]
}
