{
  "area": 655.070429,
  "vertices": [
    [9.313409, 2.203885],
    [16.412888, 3.161014],
    [24.608597, 9.167274],
    [25.791363, 17.306073],
    [31.817431, 25.647436],
    [39.787453, 33.699676],
    [44.761924, 41.732155],
    [39.709396, 45.780452],
    [33.687175, 40.795745],
    [25.626238, 32.826441],
    [18.318302, 24.799142],
    [10.163142, 23.595008],
    [3.159215, 16.420217],
    [3.212492, 8.300402]
  ]
}
