{
  "area": 837.220743,
  "vertices": [
    [7.059047, -1.864388],
    [21.619556, 3.596189],
    [27.738149, 19.622349],
    [39.868535, 33.171141],
    [49.443122, 46.021676],
    [36.362064, 45.327732],
    [24.000079, 32.005354],
    [10.341381, 24.090978],
    [-0.817629, 12.097881]
  ]
}
