{
  "area": 1504.997568,
  "vertices": [
    [22.477844, 2.150702],
    [29.940982, 5.507496],
    [37.955400, 8.224506],
    [44.788749, 11.796427],
    [43.843414, 22.158331],
    [41.716056, 30.711534],
    [44.654894, 38.826813],
    [41.111174, 45.382705],
    [30.499226, 45.832466],
    [21.766271, 45.541901],
    [11.120139, 45.793219],
    [4.227870, 42.029042],
    [4.882782, 33.629212],
    [4.150132, 26.549099],
    [3.183692, 16.187114],
    [6.486092, 8.250515],
    [14.935266, 8.593062]
  ]
}
