{
  "area": 1466.579761,
  "vertices": [
    [2.405609, 10.931176],
    [19.665757, 2.448547],
    [22.333684, 10.230431],
    [43.485114, 1.427252],
    [43.717531, 45.713548],
    [7.872129, 42.532011]
  ]
}
