{
  "area": 1411.325370,
  "vertices": [
    [24.525730, -0.377080],
    [34.288053, 10.259575],
    [49.309662, 16.909056],
    [42.648099, 30.129669],
    [39.754210, 45.977742],
    [24.385914, 42.866522],
    [10.416025, 47.057908],
    [6.110620, 32.450610],
    [-1.339142, 18.918757],
    [12.738915, 11.254059]
  ]
}
