{
  "area": 1382.268005,
  "vertices": [
    [24.507309, 0.966779],
    [32.359194, 7.701341],
    [40.730748, 13.198144],
    [48.016765, 19.541970],
    [42.916073, 28.648164],
    [41.909494, 39.228237],
    [35.220619, 46.490103],
    [24.374731, 41.971889],
    [14.240172, 45.999565],
    [6.101328, 41.290330],
    [6.528256, 30.119393],
    [-0.023951, 21.010872],
    [6.386208, 13.207900],
    [15.721271, 8.620464]
  ]
}
