{
  "area": 1246.365165,
  "vertices": [
    [22.477282, 2.150738],
    [29.591273, 4.853201],
    [34.262539, 12.770968],
    [42.271859, 14.316502],
    [45.844904, 21.821953],
    [40.956616, 28.447153],
    [39.783166, 37.027525],
    [38.259257, 44.781092],
    [29.334002, 44.576624],
    [22.233145, 42.848084],
    [13.600136, 45.811318],
    [8.252447, 41.304289],
    [9.177908, 31.856166],
    [3.997747, 25.343988],
    [2.263575, 16.277120],
    [9.651941, 13.272267],
    [16.358450, 8.276587]
  ]
}
