{
  "area": 1502.134450,
  "vertices": [
    [16.384720, 2.169530],
    [31.615280, 2.169530],
    [45.830470, 16.384720],
    [45.830470, 31.615280],
    [31.615280, 45.830470],
    [16.384720, 45.830470],
    [2.169530, 31.615280],
    [2.169530, 16.384720]
  ]
}
