{
  "area": 1819.204582,
  "vertices": [
    [15.380367, 0.171081],
    [34.925386, 1.184271],
    [47.829246, 15.379480],
    [47.329523, 35.137312],
    [32.619826, 47.827994],
    [13.155158, 46.622067],
    [0.170990, 32.619253],
    [1.184054, 13.074213]
  ]
}
