{
  "area": 1122.392156,
  "vertices": [
    [23.495188, 0.150033],
    [39.769910, 10.927579],
    [39.808253, 32.688336],
    [23.797427, 47.849933],
    [7.627728, 33.103460],
    [7.220989, 11.517740]
  ]
}
