{
  "area": 949.467919,
  "vertices": [
    [23.499961, 2.150000],
    [38.777200, 12.286317],
    [38.821612, 30.638078],
    [23.499961, 45.850000],
    [8.178372, 30.638041],
    [8.222767, 12.286361]
  ]
}
