{
  "area": 1149.936396,
  "vertices": [
    [23.493542, 0.030318],
    [30.658167, 6.083165],
    [40.880287, 13.258427],
    [41.939019, 25.534947],
    [35.789384, 37.832298],
    [24.513527, 47.968639],
    [13.252567, 39.869244],
    [6.068239, 27.584910],
    [6.098261, 15.300736],
    [15.307934, 6.094082]
  ]
}
