{
  "area": 1616.127222,
  "vertices": [
    [45.576125, 35.447299],
    [32.243680, 45.327952],
    [14.283790, 46.340688],
    [-0.496568, 26.030163],
    [6.046341, 6.100882],
    [29.156367, -0.247226],
    [45.185120, 12.503043]
  ]
}
