{
  "area": 1365.230083,
  "vertices": [
    [22.475741, 2.150842],
    [31.935245, 4.875747],
    [39.766055, 10.501376],
    [44.841369, 19.278605],
    [44.834115, 30.481137],
    [39.751357, 39.258240],
    [30.390400, 43.052681],
    [20.930033, 45.326218],
    [11.174306, 41.784014],
    [4.848890, 33.657894],
    [3.890080, 23.226737],
    [6.188100, 13.331861],
    [12.516086, 5.201346]
  ]
}
