{
  "area": 1618.504672,
  "vertices": [
    [31.718555, 46.219669],
    [15.586935, 45.736588],
    [14.592055, 46.709908],
    [-0.843209, 25.621668],
    [0.135176, 24.627728],
    [3.756181, 11.039308],
    [15.331176, 1.309847],
    [16.725847, 1.302897],
    [17.743395, 0.383168],
    [18.736418, -0.596148],
    [42.277844, 7.145166],
    [42.288711, 8.539811],
    [42.911623, 9.678961],
    [44.877889, 11.657448],
    [44.522958, 36.724626]
  ]
}
