{
  "area": 1131.070666,
  "vertices": [
    [8.323472, 3.197778],
    [17.655684, 5.389802],
    [19.412393, 15.306869],
    [22.430365, 20.150282],
    [33.955811, 20.310254],
    [42.940994, 17.341976],
    [45.849615, 26.588283],
    [44.264527, 36.189441],
    [36.249399, 43.244180],
    [26.639962, 44.840694],
    [15.113364, 44.820854],
    [7.452926, 39.945058],
    [6.002281, 29.693358],
    [5.137866, 21.348641],
    [2.228671, 11.036407]
  ]
}
