{
  "area": 1096.167626,
  "vertices": [
    [1.351203, 37.634544],
    [0.221377, 23.283291],
    [17.872799, 7.735690],
    [42.240147, 13.317954],
    [46.610351, 37.637414]
  ]
}
