{
  "area": 1630.232088,
  "vertices": [
    [38.272947, 1.922220],
    [38.644239, 20.653223],
    [50.284257, 29.488659],
    [30.790454, 49.975345],
    [27.347190, 48.370980],
    [18.472069, 49.490369],
    [-2.800228, 35.469504],
    [9.405999, 20.689169],
    [12.531910, -2.368994],
    [20.013091, -1.908122]
  ]
}
