{
  "area": 1495.747518,
  "vertices": [
    [15.345789, 0.040819],
    [26.500139, 0.980507],
    [36.738985, 3.536437],
    [38.859595, 15.058313],
    [40.866088, 24.400938],
    [47.957465, 32.085247],
    [41.163870, 40.489050],
    [31.660889, 47.941673],
    [20.788701, 46.306047],
    [10.223155, 45.890431],
    [3.015965, 37.657575],
    [1.073563, 27.538263],
    [10.930649, 21.545295],
    [9.260676, 10.094197]
  ]
}
