{
  "area": 1318.361700,
  "vertices": [
    [16.393338, 2.166648],
    [24.375253, 2.150091],
    [33.326962, 2.870720],
    [36.717216, 9.689148],
    [37.111121, 19.040009],
    [41.562223, 25.200148],
    [45.835412, 32.323356],
    [41.782264, 38.881238],
    [36.230085, 45.798251],
    [28.050843, 44.317240],
    [19.414390, 44.840419],
    [11.106003, 45.590073],
    [6.212479, 38.132673],
    [2.161622, 31.574875],
    [6.962021, 24.665110],
    [10.190244, 18.575771],
    [11.289810, 8.939162]
  ]
}
