{
  "area": 1953.181580,
  "vertices": [
    [14.816656, -1.465564],
    [30.835010, -0.663415],
    [46.842235, 7.801097],
    [47.396690, 31.083903],
    [41.397160, 47.854061],
    [24.007654, 40.992332],
    [6.386265, 48.416732],
    [-0.392851, 32.099923],
    [0.195816, 8.835653]
  ]
}
