{
  "area": 1460.871728,
  "vertices": [
    [16.390653, 2.167520],
    [31.283447, 3.172599],
    [43.796899, 11.121043],
    [43.836087, 29.694948],
    [38.838987, 45.648473],
    [23.256874, 39.849831],
    [8.623739, 45.110908],
    [3.165007, 29.930710],
    [3.201530, 11.356802]
  ]
}
