{
  "area": 1876.577353,
  "vertices": [
    [14.877557, -1.290388],
    [23.809801, 1.571459],
    [32.141392, 2.564777],
    [41.446669, 5.169898],
    [47.220033, 14.063657],
    [47.243067, 26.789115],
    [45.774360, 38.928400],
    [41.271749, 47.683538],
    [32.516715, 44.397058],
    [21.883215, 40.868449],
    [13.710352, 47.302417],
    [5.193665, 44.665864],
    [-0.202801, 36.281602],
    [-0.247182, 23.556190],
    [-0.203142, 10.830777],
    [8.786244, 5.145581]
  ]
}
