{
  "area": 1080.856570,
  "vertices": [
    [29.004905, -2.451906],
    [46.225190, 7.247007],
    [40.081075, 26.866865],
    [22.654315, 38.460912],
    [8.807437, 50.662462],
    [13.984045, 32.633513],
    [1.423187, 21.203716],
    [15.073601, 11.877986]
  ]
}
