{
  "area": 804.876628,
  "vertices": [
    [27.550321, 2.153636],
    [35.686153, 3.203610],
    [41.808669, 11.335005],
    [40.849455, 19.480475],
    [34.780963, 27.708710],
    [26.549700, 31.846453],
    [19.409255, 40.838031],
    [12.345083, 45.813848],
    [11.291921, 38.781431],
    [14.236917, 29.730841],
    [6.173629, 27.626419],
    [8.152256, 18.460327],
    [16.168801, 17.386832],
    [19.355003, 8.181447]
  ]
}
