{
  "area": 1010.822569,
  "vertices": [
    [28.661908, -0.446586],
    [39.149378, 1.711970],
    [44.383853, 12.179802],
    [41.314166, 23.536570],
    [31.487911, 30.081791],
    [22.365425, 37.893349],
    [15.938545, 47.819595],
    [8.827952, 44.105706],
    [13.599830, 33.485953],
    [6.641331, 29.935844],
    [4.867962, 19.142923],
    [14.865015, 17.229012],
    [18.755467, 6.187400]
  ]
}
