{
  "area": 1701.534559,
  "vertices": [
    [2.031340, 44.930400],
    [3.931957, 5.167853],
    [4.945673, 4.344691],
    [6.195232, 4.085581],
    [42.805821, 4.096263],
    [47.116377, 36.912000],
    [47.108244, 38.266059],
    [47.099930, 39.620116],
    [47.091532, 40.974173],
    [47.083142, 42.328231],
    [47.074821, 43.682288]
  ]
}
