{
  "area": 1789.411715,
  "vertices": [
    [27.802593, 48.208044],
    [-1.248390, 36.404603],
    [3.923620, 13.684144],
    [5.687198, 0.961419],
    [16.951265, 1.923554],
    [31.300123, 1.653051],
    [41.198002, -0.112331],
    [49.237626, 35.120495]
  ]
}
