{
  "area": 1530.297898,
  "vertices": [
    [10.308649, 2.206939],
    [19.577151, 4.159152],
    [29.958242, 3.809982],
    [39.176395, 2.687002],
    [43.639154, 11.482581],
    [44.941146, 19.536384],
    [45.831746, 30.512641],
    [43.035015, 39.458308],
    [32.640008, 41.824691],
    [23.790082, 44.849904],
    [14.097866, 40.805139],
    [4.668491, 39.161065],
    [2.161230, 28.831984],
    [3.156402, 19.156139],
    [4.209560, 9.868323]
  ]
}
