{
  "area": 1781.548746,
  "vertices": [
    [11.330702, 0.193670],
    [21.914846, 2.152002],
    [33.119919, 1.690544],
    [43.550617, 3.055869],
    [43.818300, 14.371241],
    [47.849151, 24.946902],
    [47.452265, 37.026518],
    [36.827966, 42.793014],
    [26.255028, 46.848524],
    [15.294666, 43.755016],
    [4.295611, 40.730466],
    [0.163568, 30.233397],
    [1.872931, 18.712848],
    [3.213626, 8.666384]
  ]
}
