{
  "area": 1077.588647,
  "vertices": [
    [39.906604, 40.729184],
    [39.880650, 43.445819],
    [7.597362, 43.942653],
    [9.752850, 38.052781],
    [2.034768, 21.482361],
    [25.666918, 18.400759],
    [28.765535, 16.119411],
    [28.724721, 3.894077],
    [43.939500, 0.651834]
  ]
}
