{
  "area": 825.018827,
  "vertices": [
    [14.374340, 0.173336],
    [21.466199, 5.151636],
    [27.620897, 11.171543],
    [25.685917, 19.203462],
    [34.835524, 26.599618],
    [43.798954, 35.682007],
    [45.752739, 44.742122],
    [36.673098, 46.804199],
    [27.588775, 39.838554],
    [20.391883, 31.832882],
    [11.150536, 22.480645],
    [2.182736, 13.352205],
    [4.245381, 5.259855]
  ]
}
