{
  "area": 878.475182,
  "vertices": [
    [13.733579, -1.492378],
    [25.239168, 6.593025],
    [26.435961, 19.483065],
    [39.921963, 31.170618],
    [47.395483, 44.807633],
    [33.201455, 46.271867],
    [21.278373, 33.518306],
    [9.502863, 21.637301],
    [-0.385739, 7.295331]
  ]
}
