{
  "area": 693.420668,
  "vertices": [
    [15.382967, 2.170146],
    [20.450268, 6.153551],
    [26.600104, 11.164621],
    [23.539820, 18.152273],
    [31.847401, 24.542575],
    [39.807159, 32.667790],
    [43.775925, 39.715326],
    [39.710239, 45.779821],
    [31.643550, 42.819208],
    [24.545131, 35.847078],
    [16.203806, 27.686465],
    [8.162415, 19.407609],
    [3.195076, 12.328183],
    [7.264364, 6.241203]
  ]
}
