{
  "area": 1013.046025,
  "vertices": [
    [6.219064, 18.921925],
    [8.442187, 18.910354],
    [11.812525, 15.487482],
    [15.242213, 9.826828],
    [43.521179, 8.775179],
    [43.537917, 37.008510],
    [19.741759, 36.014775],
    [15.256303, 39.318018],
    [-0.442050, 30.208302]
  ]
}
