{
  "area": 1308.557470,
  "vertices": [
    [7.844539, 42.276845],
    [-2.309671, 28.118636],
    [8.057213, 18.899257],
    [9.426634, 18.112936],
    [24.361349, 5.493356],
    [34.545437, 5.524822],
    [49.242802, 17.145065],
    [44.489802, 38.833347]
  ]
}
