{
  "area": 1225.624090,
  "vertices": [
    [21.409612, 7.161873],
    [31.872745, 7.167961],
    [41.865227, 8.370405],
    [46.827522, 16.794681],
    [47.848085, 26.844922],
    [45.647118, 35.830512],
    [37.229230, 40.788155],
    [28.633526, 36.904940],
    [18.815993, 38.330111],
    [10.200981, 40.749598],
    [1.850755, 35.645199],
    [0.150765, 26.263673],
    [6.141091, 19.432217],
    [13.275999, 14.231797]
  ]
}
