{
  "area": 1469.570894,
  "vertices": [
    [46.240460, 42.990569],
    [28.942992, 41.394019],
    [18.828022, 41.368571],
    [1.953669, 42.195300],
    [-2.548826, 24.445782],
    [15.785407, 12.553615],
    [18.734711, 9.448734],
    [18.754865, 6.557957],
    [33.077670, 0.769748],
    [37.413887, 0.791557],
    [43.697089, 17.695175],
    [44.711879, 18.724471],
    [46.153888, 18.740502]
  ]
}
