{
  "area": 1191.082001,
  "vertices": [
    [22.453924, 5.153046],
    [30.906945, 5.164155],
    [39.167060, 5.678343],
    [40.776896, 12.901790],
    [43.384411, 19.396951],
    [43.849859, 24.582419],
    [45.830629, 32.218309],
    [42.984587, 39.507508],
    [35.463346, 41.797666],
    [27.430421, 37.844207],
    [19.086498, 38.085451],
    [12.160614, 41.777029],
    [5.209972, 38.459216],
    [2.164513, 31.835170],
    [2.150926, 23.382145],
    [6.617094, 17.930828],
    [12.396959, 14.273737],
    [19.230095, 12.305737]
  ]
}
