{
  "area": 1467.575382,
  "vertices": [
    [45.956272, 42.753143],
    [27.945387, 41.175432],
    [2.502084, 42.348133],
    [-2.171857, 23.984245],
    [15.913703, 12.728428],
    [26.317834, 1.086707],
    [37.724521, 1.128332],
    [43.447348, 17.800351],
    [46.821425, 18.836322]
  ]
}
