{
  "area": 872.362186,
  "vertices": [
    [33.309947, 46.417708],
    [13.602220, 45.331424],
    [13.595008, 44.250293],
    [14.703523, 1.543507],
    [15.795832, 1.537838],
    [16.893559, 0.453717],
    [17.986627, 0.449464],
    [19.083405, -0.632330],
    [34.419605, 4.793300]
  ]
}
