{
  "area": 725.492316,
  "vertices": [
    [32.473158, 44.750428],
    [14.526842, 44.750428],
    [15.652126, 2.138067],
    [16.776608, 1.028411],
    [31.347874, 2.138067]
  ]
}
