{
  "area": 884.130789,
  "vertices": [
    [34.436466, 44.806608],
    [15.059772, 46.846046],
    [14.041615, 45.838916],
    [13.963802, 2.201638],
    [17.521759, 0.396025],
    [33.430023, 2.668219]
  ]
}
