{
  "area": 1658.105688,
  "vertices": [
    [45.058474, 46.992335],
    [37.405060, 46.055284],
    [-1.492806, 44.281309],
    [4.562112, 36.620660],
    [8.623060, 17.265838],
    [7.128646, 2.554227],
    [27.675552, 2.786837],
    [29.292661, 5.870915],
    [48.221645, 9.167120]
  ]
}
