{
  "area": 1646.769074,
  "vertices": [
    [47.631341, 45.680291],
    [-1.618900, 44.366006],
    [4.790513, 36.293438],
    [8.903183, 17.586878],
    [9.987973, -0.301613],
    [11.388621, -0.623208],
    [27.688607, 4.208191],
    [29.821096, 5.777402],
    [44.692989, 4.792830]
  ]
}
