{
  "area": 1374.103159,
  "vertices": [
    [47.130695, 42.353459],
    [0.622703, 41.791922],
    [5.857819, 34.275461],
    [10.008399, 17.672256],
    [11.417396, 1.703400],
    [29.259037, 6.494325],
    [42.840447, 6.038704]
  ]
}
