{
  "area": 1580.024120,
  "vertices": [
    [8.504074, 46.578106],
    [3.330662, 15.529807],
    [1.307745, 4.234221],
    [46.697830, 4.328126],
    [44.667012, 14.273190],
    [42.581675, 30.967841],
    [42.493521, 43.118951]
  ]
}
