{
  "area": 1322.231040,
  "vertices": [
    [38.451006, 40.587797],
    [30.181042, 41.919823],
    [23.671837, 50.763126],
    [0.849933, 27.878465],
    [1.801714, 26.509201],
    [12.571345, 5.849637],
    [24.710746, -2.660527],
    [44.019639, 21.291227],
    [44.513815, 22.849312]
  ]
}
