{
  "area": 1265.394843,
  "vertices": [
    [21.466049, 0.151651],
    [31.060826, 2.615169],
    [38.301955, 10.808373],
    [41.846777, 21.143055],
    [43.822057, 32.106675],
    [35.703173, 38.788259],
    [28.578074, 44.683323],
    [20.538453, 47.846956],
    [15.563514, 39.812505],
    [6.096252, 35.582407],
    [4.151575, 25.409256],
    [6.189468, 14.445683],
    [14.325455, 7.195061]
  ]
}
