{
  "area": 1079.568948,
  "vertices": [
    [21.467049, 2.151555],
    [30.620166, 4.171275],
    [36.755713, 11.261022],
    [39.846884, 21.453404],
    [41.827109, 30.624497],
    [35.729182, 37.764529],
    [28.589732, 42.838302],
    [21.468098, 45.848543],
    [16.350772, 38.816593],
    [7.218746, 35.708317],
    [5.154309, 26.554749],
    [7.180449, 16.357216],
    [14.312154, 9.204680]
  ]
}
