{
  "area": 969.979926,
  "vertices": [
    [33.610976, 2.168060],
    [41.730208, 8.236364],
    [45.810167, 16.337839],
    [38.793666, 18.309579],
    [39.849721, 26.486021],
    [38.805060, 34.671576],
    [31.646952, 40.817656],
    [24.484230, 44.849645],
    [16.342468, 44.812544],
    [8.249887, 43.744833],
    [2.181765, 37.645693],
    [7.160384, 31.584623],
    [11.161165, 23.412303],
    [17.279086, 17.228528],
    [25.506467, 15.150060],
    [30.594618, 8.163032]
  ]
}
