{
  "area": 1561.329699,
  "vertices": [
    [34.929397, 1.551723],
    [46.387575, 5.448332],
    [46.470143, 21.575329],
    [46.408274, 37.702392],
    [32.614594, 39.287166],
    [27.526023, 46.528739],
    [11.557077, 46.100257],
    [13.381107, 39.251143],
    [1.482510, 31.898526],
    [3.541183, 17.226499],
    [7.153762, 6.337739],
    [20.722414, 6.228617]
  ]
}
