{
  "area": 1093.452090,
  "vertices": [
    [24.523028, 7.302648],
    [40.555405, 13.748147],
    [48.434471, 29.187161],
    [39.336118, 40.481892],
    [24.079892, 35.337060],
    [8.808890, 40.480055],
    [-1.049280, 27.877073],
    [8.795331, 14.479838]
  ]
}
