{
  "area": 882.396724,
  "vertices": [
    [4.453865, 35.668641],
    [0.019838, 28.963731],
    [13.327602, 11.033067],
    [36.880285, 11.055403],
    [45.736253, 35.654324]
  ]
}
