{
  "area": 1060.852111,
  "vertices": [
    [24.506730, 8.150065],
    [32.673292, 10.195911],
    [41.813491, 16.344362],
    [44.849932, 25.506916],
    [47.829281, 33.618635],
    [40.762425, 39.731588],
    [31.667762, 38.807174],
    [24.511877, 34.849798],
    [18.363404, 38.822245],
    [9.250148, 39.745100],
    [3.170469, 32.617938],
    [0.150050, 25.505935],
    [7.174538, 18.371257],
    [15.311673, 11.204987]
  ]
}
