{
  "area": 1088.538403,
  "vertices": [
    [23.483119, 1.314091],
    [35.108022, 5.433534],
    [44.354271, 13.701733],
    [46.939903, 25.937459],
    [37.380244, 27.070895],
    [27.843240, 27.736146],
    [27.753958, 41.035488],
    [17.272137, 47.189820],
    [14.683028, 37.712797],
    [20.230338, 30.269034],
    [12.732329, 28.168823],
    [2.438257, 27.308393],
    [2.125057, 15.606156],
    [10.812532, 6.488041]
  ]
}
