{
  "area": 1343.988423,
  "vertices": [
    [23.468474, -1.347632],
    [36.621588, 3.071286],
    [47.055321, 12.408756],
    [49.817399, 26.219915],
    [38.702104, 27.373281],
    [27.949238, 28.383924],
    [27.865660, 43.331375],
    [16.098736, 49.193764],
    [14.178884, 38.819497],
    [20.117599, 30.490505],
    [11.064916, 28.287724],
    [0.163680, 28.175458],
    [0.136115, 15.453531],
    [9.114127, 4.196319]
  ]
}
