{
  "area": 1417.277237,
  "vertices": [
    [23.441371, -2.936083],
    [43.871985, 5.632259],
    [51.287696, 28.030018],
    [29.898780, 25.872389],
    [27.649701, 48.719669],
    [10.380950, 42.707530],
    [18.621338, 25.974384],
    [0.284099, 28.616853],
    [2.023998, 9.000282]
  ]
}
