{
  "area": 929.777132,
  "vertices": [
    [19.425132, 2.158101],
    [30.610425, 3.167876],
    [38.783015, 12.294082],
    [36.849773, 23.512592],
    [32.697348, 35.789057],
    [28.568788, 45.843174],
    [17.398497, 44.834959],
    [13.251923, 33.746896],
    [11.150338, 22.484615],
    [9.235358, 10.270948]
  ]
}
