{
  "area": 1327.620598,
  "vertices": [
    [45.024289, 27.844716],
    [43.969296, 28.282936],
    [43.312063, 29.252309],
    [36.696195, 41.389030],
    [36.676620, 43.864645],
    [10.335490, 43.452440],
    [10.325835, 42.214631],
    [10.272523, 40.994894],
    [2.609686, 25.576604],
    [14.879698, 0.423309],
    [36.680509, 4.690647],
    [36.690237, 5.928456],
    [36.700651, 7.166258],
    [36.960305, 8.299591]
  ]
}
