{
  "area": 1150.192531,
  "vertices": [
    [20.420762, 47.976614],
    [0.020193, 28.707389],
    [0.025355, 23.041503],
    [11.399208, 0.496849],
    [48.613168, 36.591240]
  ]
}
