{
  "area": 1395.363721,
  "vertices": [
    [12.366381, 0.101902],
    [24.794649, 8.330699],
    [37.109015, 20.602262],
    [47.905234, 33.563024],
    [39.039279, 44.544349],
    [23.013933, 47.901663],
    [8.449880, 41.011628],
    [0.882926, 28.314692],
    [1.583344, 11.840545]
  ]
}
