{
  "area": 1372.941931,
  "vertices": [
    [12.032638, -0.892436],
    [33.217901, 15.847903],
    [48.889342, 37.020303],
    [27.852545, 48.681446],
    [6.681846, 40.260459],
    [-0.675575, 19.093755]
  ]
}
