{
  "area": 1591.920494,
  "vertices": [
    [14.298907, 1.998735],
    [25.058357, 2.981503],
    [36.321872, 2.014250],
    [41.327925, 11.600683],
    [45.005825, 23.434621],
    [43.526941, 36.170898],
    [40.793028, 44.905150],
    [29.210028, 45.989176],
    [16.299678, 44.952110],
    [4.212464, 43.873315],
    [4.367022, 33.016948],
    [3.006658, 20.240330],
    [5.796978, 9.453887]
  ]
}
