{
  "area": 1784.156683,
  "vertices": [
    [44.132859, 46.108107],
    [0.815337, 43.188962],
    [3.867141, 1.891893],
    [43.471034, 1.410496]
  ]
}
