{
  "area": 1359.356615,
  "vertices": [
    [10.282780, 2.145882],
    [17.602653, 6.359473],
    [26.169118, 9.502167],
    [33.025403, 4.129167],
    [40.766935, 4.551058],
    [40.835742, 13.610256],
    [44.082553, 22.646926],
    [44.934394, 30.566361],
    [41.506730, 38.756476],
    [33.111710, 40.428031],
    [26.757490, 45.900410],
    [17.899489, 45.400831],
    [12.008068, 38.803757],
    [4.153867, 36.940387],
    [2.098456, 27.416125],
    [5.114267, 19.590031],
    [7.192624, 10.065909]
  ]
}
