{
  "area": 1389.326706,
  "vertices": [
    [9.494600, 1.063082],
    [22.270064, 5.588800],
    [30.501649, 15.782009],
    [35.768405, 6.744644],
    [46.883780, 15.353459],
    [46.893673, 31.018427],
    [41.875182, 45.491533],
    [28.529553, 46.819948],
    [27.304964, 35.060489],
    [22.410690, 46.860712],
    [12.711937, 38.571077],
    [7.232540, 24.261141],
    [0.950778, 12.837270]
  ]
}
